branch_code_1,branch_code_2,distance_km
0,0,0.0
0,1,606.03
0,2,58.29
0,8,11.69
0,10,26.03
0,11,52.12
0,12,161.02
0,13,103.69
0,14,532.85
0,15,98.06
0,16,129.62
0,17,244.29
0,18,167.72
0,19,71.84
0,20,86.57
0,22,81.22
0,23,234.88
0,24,191.85
0,39,98.06
0,40,167.72
0,41,244.29
0,42,129.62
0,43,532.85
0,49,308.46
0,50,167.72
0,52,167.72
0,53,244.29
0,55,52.12
0,56,98.06
0,57,161.02
0,58,129.62
0,59,432.98
0,60,58.29
0,61,103.69
0,63,244.29
0,64,161.02
0,65,129.62
0,66,606.03
0,67,273.25
0,68,26.03
0,69,98.06
0,70,381.6
0,71,308.46
0,72,532.85
0,73,52.12
0,74,71.84
0,75,86.57
0,76,9.53
0,78,381.6
0,79,234.88
0,80,308.46
0,81,26.03
0,85,58.29
0,93,58.29
0,94,81.22
0,95,273.25
0,96,58.29
0,97,103.69
0,98,191.85
0,99,432.98
0,100,234.88
0,101,26.03
0,102,308.46
0,103,52.12
0,104,98.06
0,105,167.72
0,106,129.62
0,107,244.29
0,108,13.0
0,109,58.29
0,110,432.98
0,112,532.85
0,113,161.02
0,114,71.84
0,115,606.03
0,116,52.12
0,117,58.29
0,118,26.03
0,119,191.85
0,120,234.88
0,121,161.02
0,122,103.69
0,123,234.88
1,0,606.03
1,1,0.0
1,2,557.87
1,8,617.55
1,10,586.64
1,11,654.94
1,12,569.55
1,13,504.42
1,14,122.16
1,15,690.73
1,16,719.13
1,17,833.2
1,18,699.46
1,19,638.0
1,20,577.56
1,22,571.82
1,23,458.29
1,24,752.03
1,39,690.73
1,40,699.46
1,41,833.2
1,42,719.13
1,43,122.16
1,49,431.92
1,50,699.46
1,52,699.46
1,53,833.2
1,55,654.94
1,56,690.73
1,57,569.55
1,58,719.13
1,59,275.21
1,60,557.87
1,61,504.42
1,63,833.2
1,64,569.55
1,65,719.13
1,66,20.0
1,67,371.9
1,68,586.64
1,69,690.73
1,70,231.32
1,71,431.92
1,72,122.16
1,73,654.94
1,74,638.0
1,75,577.56
1,76,615.56
1,78,231.32
1,79,458.29
1,80,431.92
1,81,586.64
1,85,557.87
1,93,557.87
1,94,571.82
1,95,371.9
1,96,557.87
1,97,504.42
1,98,752.03
1,99,275.21
1,100,458.29
1,101,586.64
1,102,431.92
1,103,654.94
1,104,690.73
1,105,699.46
1,106,719.13
1,107,833.2
1,108,606.03
1,109,557.87
1,110,275.21
1,112,122.16
1,113,569.55
1,114,638.0
1,115,19.0
1,116,654.94
1,117,557.87
1,118,586.64
1,119,752.03
1,120,458.29
1,121,569.55
1,122,504.42
1,123,458.29
2,0,58.29
2,1,557.87
2,2,0.0
2,8,67.37
2,10,56.79
2,11,98.53
2,12,182.36
2,13,54.41
2,14,491.54
2,15,133.43
2,16,163.18
2,17,279.43
2,18,172.49
2,19,124.55
2,20,112.15
2,22,41.24
2,23,226.36
2,24,211.13
2,39,133.43
2,40,172.49
2,41,279.43
2,42,163.18
2,43,491.54
2,49,298.93
2,50,172.49
2,52,172.49
2,53,279.43
2,55,98.53
2,56,133.43
2,57,182.36
2,58,163.18
2,59,404.07
2,60,13.0
2,61,54.41
2,63,279.43
2,64,182.36
2,65,163.18
2,66,557.87
2,67,245.71
2,68,56.79
2,69,133.43
2,70,338.59
2,71,298.93
2,72,491.54
2,73,98.53
2,74,124.55
2,75,112.15
2,76,66.59
2,78,338.59
2,79,226.36
2,80,298.93
2,81,56.79
2,85,0.0
2,93,0.0
2,94,41.24
2,95,245.71
2,96,24.0
2,97,54.41
2,98,211.13
2,99,404.07
2,100,226.36
2,101,56.79
2,102,298.93
2,103,98.53
2,104,133.43
2,105,172.49
2,106,163.18
2,107,279.43
2,108,58.29
2,109,12.0
2,110,404.07
2,112,491.54
2,113,182.36
2,114,124.55
2,115,557.87
2,116,98.53
2,117,20.0
2,118,56.79
2,119,211.13
2,120,226.36
2,121,182.36
2,122,54.41
2,123,226.36
8,0,11.69
8,1,617.55
8,2,67.37
8,8,0.0
8,10,36.52
8,11,40.72
8,12,167.22
8,13,114.73
8,14,544.54
8,15,87.41
8,16,118.9
8,17,233.07
8,18,160.92
8,19,69.99
8,20,93.42
8,22,85.69
8,23,244.86
8,24,182.56
8,39,87.41
8,40,160.92
8,41,233.07
8,42,118.9
8,43,544.54
8,49,318.35
8,50,160.92
8,52,160.92
8,53,233.07
8,55,40.72
8,56,87.41
8,57,167.22
8,58,118.9
8,59,444.31
8,60,67.37
8,61,114.73
8,63,233.07
8,64,167.22
8,65,118.9
8,66,617.55
8,67,284.6
8,68,36.52
8,69,87.41
8,70,393.27
8,71,318.35
8,72,544.54
8,73,40.72
8,74,69.99
8,75,93.42
8,76,2.92
8,78,393.27
8,79,244.86
8,80,318.35
8,81,36.52
8,85,67.37
8,93,67.37
8,94,85.69
8,95,284.6
8,96,67.37
8,97,114.73
8,98,182.56
8,99,444.31
8,100,244.86
8,101,36.52
8,102,318.35
8,103,40.72
8,104,87.41
8,105,160.92
8,106,118.9
8,107,233.07
8,108,11.69
8,109,67.37
8,110,444.31
8,112,544.54
8,113,167.22
8,114,69.99
8,115,617.55
8,116,40.72
8,117,67.37
8,118,36.52
8,119,182.56
8,120,244.86
8,121,167.22
8,122,114.73
8,123,244.86
10,0,26.03
10,1,586.64
10,2,56.79
10,8,36.52
10,10,0.0
10,11,77.09
10,12,138.66
10,13,89.84
10,14,510.75
10,15,123.86
10,16,155.39
10,17,269.46
10,18,192.18
10,19,68.61
10,20,64.16
10,22,90.53
10,23,208.85
10,24,217.79
10,39,123.86
10,40,192.18
10,41,269.46
10,42,155.39
10,43,510.75
10,49,282.44
10,50,192.18
10,52,192.18
10,53,269.46
10,55,77.09
10,56,123.86
10,57,138.66
10,58,155.39
10,59,408.15
10,60,56.79
10,61,89.84
10,63,269.46
10,64,138.66
10,65,155.39
10,66,586.64
10,67,248.54
10,68,13.0
10,69,123.86
10,70,360.41
10,71,282.44
10,72,510.75
10,73,77.09
10,74,68.61
10,75,64.16
10,76,33.72
10,78,360.41
10,79,208.85
10,80,282.44
10,81,26.0
10,85,56.79
10,93,56.79
10,94,90.53
10,95,248.54
10,96,56.79
10,97,89.84
10,98,217.79
10,99,408.15
10,100,208.85
10,101,21.0
10,102,282.44
10,103,77.09
10,104,123.86
10,105,192.18
10,106,155.39
10,107,269.46
10,108,26.03
10,109,56.79
10,110,408.15
10,112,510.75
10,113,138.66
10,114,68.61
10,115,586.64
10,116,77.09
10,117,56.79
10,118,13.0
10,119,217.79
10,120,208.85
10,121,138.66
10,122,89.84
10,123,208.85
11,0,52.12
11,1,654.94
11,2,98.53
11,8,40.72
11,10,77.09
11,11,0.0
11,12,199.48
11,13,150.61
11,14,584.08
11,15,48.12
11,16,79.12
11,17,192.38
11,18,133.22
11,19,86.95
11,20,128.42
11,22,102.01
11,23,284.21
11,24,146.28
11,39,48.12
11,40,133.22
11,41,192.38
11,42,79.12
11,43,584.08
11,49,357.47
11,50,133.22
11,52,133.22
11,53,192.38
11,55,24.0
11,56,48.12
11,57,199.48
11,58,79.12
11,59,485.03
11,60,98.53
11,61,150.61
11,63,192.38
11,64,199.48
11,65,79.12
11,66,654.94
11,67,325.32
11,68,77.09
11,69,48.12
11,70,432.29
11,71,357.47
11,72,584.08
11,73,17.0
11,74,86.95
11,75,128.42
11,76,43.43
11,78,432.29
11,79,284.21
11,80,357.47
11,81,77.09
11,85,98.53
11,93,98.53
11,94,102.01
11,95,325.32
11,96,98.53
11,97,150.61
11,98,146.28
11,99,485.03
11,100,284.21
11,101,77.09
11,102,357.47
11,103,22.0
11,104,48.12
11,105,133.22
11,106,79.12
11,107,192.38
11,108,52.12
11,109,98.53
11,110,485.03
11,112,584.08
11,113,199.48
11,114,86.95
11,115,654.94
11,116,10.0
11,117,98.53
11,118,77.09
11,119,146.28
11,120,284.21
11,121,199.48
11,122,150.61
11,123,284.21
12,0,161.02
12,1,569.55
12,2,182.36
12,8,167.22
12,10,138.66
12,11,199.48
12,12,0.0
12,13,175.5
12,14,471.9
12,15,246.59
12,16,275.58
12,17,377.21
12,18,328.14
12,19,120.25
12,20,74.63
12,22,222.85
12,23,118.6
12,24,345.6
12,39,246.59
12,40,328.14
12,41,377.21
12,42,275.58
12,43,471.9
12,49,180.22
12,50,328.14
12,52,328.14
12,53,377.21
12,55,199.48
12,56,246.59
12,57,25.0
12,58,275.58
12,59,339.4
12,60,182.36
12,61,175.5
12,63,377.21
12,64,7.0
12,65,275.58
12,66,569.55
12,67,198.13
12,68,138.66
12,69,246.59
12,70,339.32
12,71,180.22
12,72,471.9
12,73,199.48
12,74,120.25
12,75,74.63
12,76,164.46
12,78,339.32
12,79,118.6
12,80,180.22
12,81,138.66
12,85,182.36
12,93,182.36
12,94,222.85
12,95,198.13
12,96,182.36
12,97,175.5
12,98,345.6
12,99,339.4
12,100,118.6
12,101,138.66
12,102,180.22
12,103,199.48
12,104,246.59
12,105,328.14
12,106,275.58
12,107,377.21
12,108,161.02
12,109,182.36
12,110,339.4
12,112,471.9
12,113,6.0
12,114,120.25
12,115,569.55
12,116,199.48
12,117,182.36
12,118,138.66
12,119,345.6
12,120,118.6
12,121,14.0
12,122,175.5
12,123,118.6
13,0,103.69
13,1,504.42
13,2,54.41
13,8,114.73
13,10,89.84
13,11,150.61
13,12,175.5
13,13,0.0
13,14,437.14
13,15,187.73
13,16,217.59
13,17,333.82
13,18,221.51
13,19,155.65
13,20,119.69
13,22,82.25
13,23,189.99
13,24,263.67
13,39,187.73
13,40,221.51
13,41,333.82
13,42,217.59
13,43,437.14
13,49,259.56
13,50,221.51
13,52,221.51
13,53,333.82
13,55,150.61
13,56,187.73
13,57,175.5
13,58,217.59
13,59,352.6
13,60,54.41
13,61,28.0
13,63,333.82
13,64,175.5
13,65,217.59
13,66,504.42
13,67,196.11
13,68,89.84
13,69,187.73
13,70,284.19
13,71,259.56
13,72,437.14
13,73,150.61
13,74,155.65
13,75,119.69
13,76,113.11
13,78,284.19
13,79,189.99
13,80,259.56
13,81,89.84
13,85,54.41
13,93,54.41
13,94,82.25
13,95,196.11
13,96,54.41
13,97,14.0
13,98,263.67
13,99,352.6
13,100,189.99
13,101,89.84
13,102,259.56
13,103,150.61
13,104,187.73
13,105,221.51
13,106,217.59
13,107,333.82
13,108,103.69
13,109,54.41
13,110,352.6
13,112,437.14
13,113,175.5
13,114,155.65
13,115,504.42
13,116,150.61
13,117,54.41
13,118,89.84
13,119,263.67
13,120,189.99
13,121,175.5
13,122,14.0
13,123,189.99
14,0,532.85
14,1,122.16
14,2,491.54
14,8,544.54
14,10,510.75
14,11,584.08
14,12,471.9
14,13,437.14
14,14,0.0
14,15,624.51
14,16,654.69
14,17,770.95
14,18,648.53
14,19,554.08
14,20,491.11
14,22,512.82
14,23,355.68
14,24,697.05
14,39,624.51
14,40,648.53
14,41,770.95
14,42,654.69
14,43,9.0
14,49,319.47
14,50,648.53
14,52,648.53
14,53,770.95
14,55,584.08
14,56,624.51
14,57,471.9
14,58,654.69
14,59,155.39
14,60,491.54
14,61,437.14
14,63,770.95
14,64,471.9
14,65,654.69
14,66,122.16
14,67,275.02
14,68,510.75
14,69,624.51
14,70,153.33
14,71,319.47
14,72,13.0
14,73,584.08
14,74,554.08
14,75,491.11
14,76,542.22
14,78,153.33
14,79,355.68
14,80,319.47
14,81,510.75
14,85,491.54
14,93,491.54
14,94,512.82
14,95,275.02
14,96,491.54
14,97,437.14
14,98,697.05
14,99,155.39
14,100,355.68
14,101,510.75
14,102,319.47
14,103,584.08
14,104,624.51
14,105,648.53
14,106,654.69
14,107,770.95
14,108,532.85
14,109,491.54
14,110,155.39
14,112,28.0
14,113,471.9
14,114,554.08
14,115,122.16
14,116,584.08
14,117,491.54
14,118,510.75
14,119,697.05
14,120,355.68
14,121,471.9
14,122,437.14
14,123,355.68
15,0,98.06
15,1,690.73
15,2,133.43
15,8,87.41
15,10,123.86
15,11,48.12
15,12,246.59
15,13,187.73
15,14,624.51
15,15,0.0
15,16,31.57
15,17,147.46
15,18,96.19
15,19,130.38
15,20,176.41
15,22,122.8
15,23,332.04
15,24,99.17
15,39,29.0
15,40,96.19
15,41,147.46
15,42,31.57
15,43,624.51
15,49,405.4
15,50,96.19
15,52,96.19
15,53,147.46
15,55,48.12
15,56,21.0
15,57,246.59
15,58,31.57
15,59,530.19
15,60,133.43
15,61,187.73
15,63,147.46
15,64,246.59
15,65,31.57
15,66,690.73
15,67,370.43
15,68,123.86
15,69,9.0
15,70,471.81
15,71,405.4
15,72,624.51
15,73,48.12
15,74,130.38
15,75,176.41
15,76,90.27
15,78,471.81
15,79,332.04
15,80,405.4
15,81,123.86
15,85,133.43
15,93,133.43
15,94,122.8
15,95,370.43
15,96,133.43
15,97,187.73
15,98,99.17
15,99,530.19
15,100,332.04
15,101,123.86
15,102,405.4
15,103,48.12
15,104,19.0
15,105,96.19
15,106,31.57
15,107,147.46
15,108,98.06
15,109,133.43
15,110,530.19
15,112,624.51
15,113,246.59
15,114,130.38
15,115,690.73
15,116,48.12
15,117,133.43
15,118,123.86
15,119,99.17
15,120,332.04
15,121,246.59
15,122,187.73
15,123,332.04
16,0,129.62
16,1,719.13
16,2,163.18
16,8,118.9
16,10,155.39
16,11,79.12
16,12,275.58
16,13,217.59
16,14,654.69
16,15,31.57
16,16,0.0
16,17,116.5
16,18,86.15
16,19,157.38
16,20,206.7
16,22,148.5
16,23,363.31
16,24,72.99
16,39,31.57
16,40,86.15
16,41,116.5
16,42,6.0
16,43,654.69
16,49,436.59
16,50,86.15
16,52,86.15
16,53,116.5
16,55,79.12
16,56,31.57
16,57,275.58
16,58,22.0
16,59,561.64
16,60,163.18
16,61,217.59
16,63,116.5
16,64,275.58
16,65,29.0
16,66,719.13
16,67,401.89
16,68,155.39
16,69,31.57
16,70,501.77
16,71,436.59
16,72,654.69
16,73,79.12
16,74,157.38
16,75,206.7
16,76,121.75
16,78,501.77
16,79,363.31
16,80,436.59
16,81,155.39
16,85,163.18
16,93,163.18
16,94,148.5
16,95,401.89
16,96,163.18
16,97,217.59
16,98,72.99
16,99,561.64
16,100,363.31
16,101,155.39
16,102,436.59
16,103,79.12
16,104,31.57
16,105,86.15
16,106,20.0
16,107,116.5
16,108,129.62
16,109,163.18
16,110,561.64
16,112,654.69
16,113,275.58
16,114,157.38
16,115,719.13
16,116,79.12
16,117,163.18
16,118,155.39
16,119,72.99
16,120,363.31
16,121,275.58
16,122,217.59
16,123,363.31
17,0,244.29
17,1,833.2
17,2,279.43
17,8,233.07
17,10,269.46
17,11,192.38
17,12,377.21
17,13,333.82
17,14,770.95
17,15,147.46
17,16,116.5
17,17,0.0
17,18,149.55
17,19,257.08
17,20,314.46
17,22,261.38
17,23,474.34
17,24,93.25
17,39,147.46
17,40,149.55
17,41,29.0
17,42,116.5
17,43,770.95
17,49,546.76
17,50,149.55
17,52,149.55
17,53,16.0
17,55,192.38
17,56,147.46
17,57,377.21
17,58,116.5
17,59,677.23
17,60,279.43
17,61,333.82
17,63,26.0
17,64,377.21
17,65,116.5
17,66,833.2
17,67,517.47
17,68,269.46
17,69,147.46
17,70,617.9
17,71,546.76
17,72,770.95
17,73,192.38
17,74,257.08
17,75,314.46
17,76,235.8
17,78,617.9
17,79,474.34
17,80,546.76
17,81,269.46
17,85,279.43
17,93,279.43
17,94,261.38
17,95,517.47
17,96,279.43
17,97,333.82
17,98,93.25
17,99,677.23
17,100,474.34
17,101,269.46
17,102,546.76
17,103,192.38
17,104,147.46
17,105,149.55
17,106,116.5
17,107,20.0
17,108,244.29
17,109,279.43
17,110,677.23
17,112,770.95
17,113,377.21
17,114,257.08
17,115,833.2
17,116,192.38
17,117,279.43
17,118,269.46
17,119,93.25
17,120,474.34
17,121,377.21
17,122,333.82
17,123,474.34
18,0,167.72
18,1,699.46
18,2,172.49
18,8,160.92
18,10,192.18
18,11,133.22
18,12,328.14
18,13,221.51
18,14,648.53
18,15,96.19
18,16,86.15
18,17,149.55
18,18,0.0
18,19,220.17
18,20,254.12
18,22,139.54
18,23,396.22
18,24,56.81
18,39,96.19
18,40,27.0
18,41,149.55
18,42,86.15
18,43,648.53
18,49,469.58
18,50,12.0
18,52,14.0
18,53,149.55
18,55,133.22
18,56,96.19
18,57,328.14
18,58,86.15
18,59,574.01
18,60,172.49
18,61,221.51
18,63,149.55
18,64,328.14
18,65,86.15
18,66,699.46
18,67,417.24
18,68,192.18
18,69,96.19
18,70,495.66
18,71,469.58
18,72,648.53
18,73,133.22
18,74,220.17
18,75,254.12
18,76,163.69
18,78,495.66
18,79,396.22
18,80,469.58
18,81,192.18
18,85,172.49
18,93,172.49
18,94,139.54
18,95,417.24
18,96,172.49
18,97,221.51
18,98,56.81
18,99,574.01
18,100,396.22
18,101,192.18
18,102,469.58
18,103,133.22
18,104,96.19
18,105,17.0
18,106,86.15
18,107,149.55
18,108,167.72
18,109,172.49
18,110,574.01
18,112,648.53
18,113,328.14
18,114,220.17
18,115,699.46
18,116,133.22
18,117,172.49
18,118,192.18
18,119,56.81
18,120,396.22
18,121,328.14
18,122,221.51
18,123,396.22
19,0,71.84
19,1,638.0
19,2,124.55
19,8,69.99
19,10,68.61
19,11,86.95
19,12,120.25
19,13,155.65
19,14,554.08
19,15,130.38
19,16,157.38
19,17,257.08
19,18,220.17
19,19,0.0
19,20,64.01
19,22,152.91
19,23,222.95
19,24,229.23
19,39,130.38
19,40,220.17
19,41,257.08
19,42,157.38
19,43,554.08
19,49,292.98
19,50,220.17
19,52,220.17
19,53,257.08
19,55,86.95
19,56,130.38
19,57,120.25
19,58,157.38
19,59,438.01
19,60,124.55
19,61,155.65
19,63,257.08
19,64,120.25
19,65,157.38
19,66,638.0
19,67,282.37
19,68,68.61
19,69,130.38
19,70,408.13
19,71,292.98
19,72,554.08
19,73,86.95
19,74,10.0
19,75,64.01
19,76,68.44
19,78,408.13
19,79,222.95
19,80,292.98
19,81,68.61
19,85,124.55
19,93,124.55
19,94,152.91
19,95,282.37
19,96,124.55
19,97,155.65
19,98,229.23
19,99,438.01
19,100,222.95
19,101,68.61
19,102,292.98
19,103,86.95
19,104,130.38
19,105,220.17
19,106,157.38
19,107,257.08
19,108,71.84
19,109,124.55
19,110,438.01
19,112,554.08
19,113,120.25
19,114,25.0
19,115,638.0
19,116,86.95
19,117,124.55
19,118,68.61
19,119,229.23
19,120,222.95
19,121,120.25
19,122,155.65
19,123,222.95
20,0,86.57
20,1,577.56
20,2,112.15
20,8,93.42
20,10,64.16
20,11,128.42
20,12,74.63
20,13,119.69
20,14,491.11
20,15,176.41
20,16,206.7
20,17,314.46
20,18,254.12
20,19,64.01
20,20,0.0
20,22,151.12
20,23,160.76
20,24,274.46
20,39,176.41
20,40,254.12
20,41,314.46
20,42,206.7
20,43,491.11
20,49,232.41
20,50,254.12
20,52,254.12
20,53,314.46
20,55,128.42
20,56,176.41
20,57,74.63
20,58,206.7
20,59,374.06
20,60,112.15
20,61,119.69
20,63,314.46
20,64,74.63
20,65,206.7
20,66,577.56
20,67,218.51
20,68,64.16
20,69,176.41
20,70,346.82
20,71,232.41
20,72,491.11
20,73,128.42
20,74,64.01
20,75,10.0
20,76,90.58
20,78,346.82
20,79,160.76
20,80,232.41
20,81,64.16
20,85,112.15
20,93,112.15
20,94,151.12
20,95,218.51
20,96,112.15
20,97,119.69
20,98,274.46
20,99,374.06
20,100,160.76
20,101,64.16
20,102,232.41
20,103,128.42
20,104,176.41
20,105,254.12
20,106,206.7
20,107,314.46
20,108,86.57
20,109,112.15
20,110,374.06
20,112,491.11
20,113,74.63
20,114,64.01
20,115,577.56
20,116,128.42
20,117,112.15
20,118,64.16
20,119,274.46
20,120,160.76
20,121,74.63
20,122,119.69
20,123,160.76
22,0,81.22
22,1,571.82
22,2,41.24
22,8,85.69
22,10,90.53
22,11,102.01
22,12,222.85
22,13,82.25
22,14,512.82
22,15,122.8
22,16,148.5
22,17,261.38
22,18,139.54
22,19,152.91
22,20,151.12
22,22,0.0
22,23,265.63
22,24,184.38
22,39,122.8
22,40,139.54
22,41,261.38
22,42,148.5
22,43,512.82
22,49,337.49
22,50,139.54
22,52,139.54
22,53,261.38
22,55,102.01
22,56,122.8
22,57,222.85
22,58,148.5
22,59,434.5
22,60,41.24
22,61,82.25
22,63,261.38
22,64,222.85
22,65,148.5
22,66,571.82
22,67,278.35
22,68,90.53
22,69,122.8
22,70,359.5
22,71,337.49
22,72,512.82
22,73,102.01
22,74,152.91
22,75,151.12
22,76,86.31
22,78,359.5
22,79,265.63
22,80,337.49
22,81,90.53
22,85,41.24
22,93,41.24
22,94,27.0
22,95,278.35
22,96,41.24
22,97,82.25
22,98,184.38
22,99,434.5
22,100,265.63
22,101,90.53
22,102,337.49
22,103,102.01
22,104,122.8
22,105,139.54
22,106,148.5
22,107,261.38
22,108,81.22
22,109,41.24
22,110,434.5
22,112,512.82
22,113,222.85
22,114,152.91
22,115,571.82
22,116,102.01
22,117,41.24
22,118,90.53
22,119,184.38
22,120,265.63
22,121,222.85
22,122,82.25
22,123,265.63
23,0,234.88
23,1,458.29
23,2,226.36
23,8,244.86
23,10,208.85
23,11,284.21
23,12,118.6
23,13,189.99
23,14,355.68
23,15,332.04
23,16,363.31
23,17,474.34
23,18,396.22
23,19,222.95
23,20,160.76
23,22,265.63
23,23,0.0
23,24,426.44
23,39,332.04
23,40,396.22
23,41,474.34
23,42,363.31
23,43,355.68
23,49,73.66
23,50,396.22
23,52,396.22
23,53,474.34
23,55,284.21
23,56,332.04
23,57,118.6
23,58,363.31
23,59,220.88
23,60,226.36
23,61,189.99
23,63,474.34
23,64,118.6
23,65,363.31
23,66,458.29
23,67,88.86
23,68,208.85
23,69,332.04
23,70,232.52
23,71,73.66
23,72,355.68
23,73,284.21
23,74,222.95
23,75,160.76
23,76,241.96
23,78,232.52
23,79,11.0
23,80,73.66
23,81,208.85
23,85,226.36
23,93,226.36
23,94,265.63
23,95,88.86
23,96,226.36
23,97,189.99
23,98,426.44
23,99,220.88
23,100,7.0
23,101,208.85
23,102,73.66
23,103,284.21
23,104,332.04
23,105,396.22
23,106,363.31
23,107,474.34
23,108,234.88
23,109,226.36
23,110,220.88
23,112,355.68
23,113,118.6
23,114,222.95
23,115,458.29
23,116,284.21
23,117,226.36
23,118,208.85
23,119,426.44
23,120,27.0
23,121,118.6
23,122,189.99
23,123,5.0
24,0,191.85
24,1,752.03
24,2,211.13
24,8,182.56
24,10,217.79
24,11,146.28
24,12,345.6
24,13,263.67
24,14,697.05
24,15,99.17
24,16,72.99
24,17,93.25
24,18,56.81
24,19,229.23
24,20,274.46
24,22,184.38
24,23,426.44
24,24,0.0
24,39,99.17
24,40,56.81
24,41,93.25
24,42,72.99
24,43,697.05
24,49,500.09
24,50,56.81
24,52,56.81
24,53,93.25
24,55,146.28
24,56,99.17
24,57,345.6
24,58,72.99
24,59,615.19
24,60,211.13
24,61,263.67
24,63,93.25
24,64,345.6
24,65,72.99
24,66,752.03
24,67,456.47
24,68,217.79
24,69,99.17
24,70,543.78
24,71,500.09
24,72,697.05
24,73,146.28
24,74,229.23
24,75,274.46
24,76,185.48
24,78,543.78
24,79,426.44
24,80,500.09
24,81,217.79
24,85,211.13
24,93,211.13
24,94,184.38
24,95,456.47
24,96,211.13
24,97,263.67
24,98,29.0
24,99,615.19
24,100,426.44
24,101,217.79
24,102,500.09
24,103,146.28
24,104,99.17
24,105,56.81
24,106,72.99
24,107,93.25
24,108,191.85
24,109,211.13
24,110,615.19
24,112,697.05
24,113,345.6
24,114,229.23
24,115,752.03
24,116,146.28
24,117,211.13
24,118,217.79
24,119,25.0
24,120,426.44
24,121,345.6
24,122,263.67
24,123,426.44
39,0,98.06
39,1,690.73
39,2,133.43
39,8,87.41
39,10,123.86
39,11,48.12
39,12,246.59
39,13,187.73
39,14,624.51
39,15,29.0
39,16,31.57
39,17,147.46
39,18,96.19
39,19,130.38
39,20,176.41
39,22,122.8
39,23,332.04
39,24,99.17
39,39,0.0
39,40,96.19
39,41,147.46
39,42,31.57
39,43,624.51
39,49,405.4
39,50,96.19
39,52,96.19
39,53,147.46
39,55,48.12
39,56,22.0
39,57,246.59
39,58,31.57
39,59,530.19
39,60,133.43
39,61,187.73
39,63,147.46
39,64,246.59
39,65,31.57
39,66,690.73
39,67,370.43
39,68,123.86
39,69,10.0
39,70,471.81
39,71,405.4
39,72,624.51
39,73,48.12
39,74,130.38
39,75,176.41
39,76,90.27
39,78,471.81
39,79,332.04
39,80,405.4
39,81,123.86
39,85,133.43
39,93,133.43
39,94,122.8
39,95,370.43
39,96,133.43
39,97,187.73
39,98,99.17
39,99,530.19
39,100,332.04
39,101,123.86
39,102,405.4
39,103,48.12
39,104,20.0
39,105,96.19
39,106,31.57
39,107,147.46
39,108,98.06
39,109,133.43
39,110,530.19
39,112,624.51
39,113,246.59
39,114,130.38
39,115,690.73
39,116,48.12
39,117,133.43
39,118,123.86
39,119,99.17
39,120,332.04
39,121,246.59
39,122,187.73
39,123,332.04
40,0,167.72
40,1,699.46
40,2,172.49
40,8,160.92
40,10,192.18
40,11,133.22
40,12,328.14
40,13,221.51
40,14,648.53
40,15,96.19
40,16,86.15
40,17,149.55
40,18,27.0
40,19,220.17
40,20,254.12
40,22,139.54
40,23,396.22
40,24,56.81
40,39,96.19
40,40,0.0
40,41,149.55
40,42,86.15
40,43,648.53
40,49,469.58
40,50,15.0
40,52,17.0
40,53,149.55
40,55,133.22
40,56,96.19
40,57,328.14
40,58,86.15
40,59,574.01
40,60,172.49
40,61,221.51
40,63,149.55
40,64,328.14
40,65,86.15
40,66,699.46
40,67,417.24
40,68,192.18
40,69,96.19
40,70,495.66
40,71,469.58
40,72,648.53
40,73,133.22
40,74,220.17
40,75,254.12
40,76,163.69
40,78,495.66
40,79,396.22
40,80,469.58
40,81,192.18
40,85,172.49
40,93,172.49
40,94,139.54
40,95,417.24
40,96,172.49
40,97,221.51
40,98,56.81
40,99,574.01
40,100,396.22
40,101,192.18
40,102,469.58
40,103,133.22
40,104,96.19
40,105,20.0
40,106,86.15
40,107,149.55
40,108,167.72
40,109,172.49
40,110,574.01
40,112,648.53
40,113,328.14
40,114,220.17
40,115,699.46
40,116,133.22
40,117,172.49
40,118,192.18
40,119,56.81
40,120,396.22
40,121,328.14
40,122,221.51
40,123,396.22
41,0,244.29
41,1,833.2
41,2,279.43
41,8,233.07
41,10,269.46
41,11,192.38
41,12,377.21
41,13,333.82
41,14,770.95
41,15,147.46
41,16,116.5
41,17,29.0
41,18,149.55
41,19,257.08
41,20,314.46
41,22,261.38
41,23,474.34
41,24,93.25
41,39,147.46
41,40,149.55
41,41,0.0
41,42,116.5
41,43,770.95
41,49,546.76
41,50,149.55
41,52,149.55
41,53,17.0
41,55,192.38
41,56,147.46
41,57,377.21
41,58,116.5
41,59,677.23
41,60,279.43
41,61,333.82
41,63,27.0
41,64,377.21
41,65,116.5
41,66,833.2
41,67,517.47
41,68,269.46
41,69,147.46
41,70,617.9
41,71,546.76
41,72,770.95
41,73,192.38
41,74,257.08
41,75,314.46
41,76,235.8
41,78,617.9
41,79,474.34
41,80,546.76
41,81,269.46
41,85,279.43
41,93,279.43
41,94,261.38
41,95,517.47
41,96,279.43
41,97,333.82
41,98,93.25
41,99,677.23
41,100,474.34
41,101,269.46
41,102,546.76
41,103,192.38
41,104,147.46
41,105,149.55
41,106,116.5
41,107,21.0
41,108,244.29
41,109,279.43
41,110,677.23
41,112,770.95
41,113,377.21
41,114,257.08
41,115,833.2
41,116,192.38
41,117,279.43
41,118,269.46
41,119,93.25
41,120,474.34
41,121,377.21
41,122,333.82
41,123,474.34
42,0,129.62
42,1,719.13
42,2,163.18
42,8,118.9
42,10,155.39
42,11,79.12
42,12,275.58
42,13,217.59
42,14,654.69
42,15,31.57
42,16,6.0
42,17,116.5
42,18,86.15
42,19,157.38
42,20,206.7
42,22,148.5
42,23,363.31
42,24,72.99
42,39,31.57
42,40,86.15
42,41,116.5
42,42,0.0
42,43,654.69
42,49,436.59
42,50,86.15
42,52,86.15
42,53,116.5
42,55,79.12
42,56,31.57
42,57,275.58
42,58,21.0
42,59,561.64
42,60,163.18
42,61,217.59
42,63,116.5
42,64,275.58
42,65,28.0
42,66,719.13
42,67,401.89
42,68,155.39
42,69,31.57
42,70,501.77
42,71,436.59
42,72,654.69
42,73,79.12
42,74,157.38
42,75,206.7
42,76,121.75
42,78,501.77
42,79,363.31
42,80,436.59
42,81,155.39
42,85,163.18
42,93,163.18
42,94,148.5
42,95,401.89
42,96,163.18
42,97,217.59
42,98,72.99
42,99,561.64
42,100,363.31
42,101,155.39
42,102,436.59
42,103,79.12
42,104,31.57
42,105,86.15
42,106,19.0
42,107,116.5
42,108,129.62
42,109,163.18
42,110,561.64
42,112,654.69
42,113,275.58
42,114,157.38
42,115,719.13
42,116,79.12
42,117,163.18
42,118,155.39
42,119,72.99
42,120,363.31
42,121,275.58
42,122,217.59
42,123,363.31
43,0,532.85
43,1,122.16
43,2,491.54
43,8,544.54
43,10,510.75
43,11,584.08
43,12,471.9
43,13,437.14
43,14,9.0
43,15,624.51
43,16,654.69
43,17,770.95
43,18,648.53
43,19,554.08
43,20,491.11
43,22,512.82
43,23,355.68
43,24,697.05
43,39,624.51
43,40,648.53
43,41,770.95
43,42,654.69
43,43,0.0
43,49,319.47
43,50,648.53
43,52,648.53
43,53,770.95
43,55,584.08
43,56,624.51
43,57,471.9
43,58,654.69
43,59,155.39
43,60,491.54
43,61,437.14
43,63,770.95
43,64,471.9
43,65,654.69
43,66,122.16
43,67,275.02
43,68,510.75
43,69,624.51
43,70,153.33
43,71,319.47
43,72,9.0
43,73,584.08
43,74,554.08
43,75,491.11
43,76,542.22
43,78,153.33
43,79,355.68
43,80,319.47
43,81,510.75
43,85,491.54
43,93,491.54
43,94,512.82
43,95,275.02
43,96,491.54
43,97,437.14
43,98,697.05
43,99,155.39
43,100,355.68
43,101,510.75
43,102,319.47
43,103,584.08
43,104,624.51
43,105,648.53
43,106,654.69
43,107,770.95
43,108,532.85
43,109,491.54
43,110,155.39
43,112,24.0
43,113,471.9
43,114,554.08
43,115,122.16
43,116,584.08
43,117,491.54
43,118,510.75
43,119,697.05
43,120,355.68
43,121,471.9
43,122,437.14
43,123,355.68
49,0,308.46
49,1,431.92
49,2,298.93
49,8,318.35
49,10,282.44
49,11,357.47
49,12,180.22
49,13,259.56
49,14,319.47
49,15,405.4
49,16,436.59
49,17,546.76
49,18,469.58
49,19,292.98
49,20,232.41
49,22,337.49
49,23,73.66
49,24,500.09
49,39,405.4
49,40,469.58
49,41,546.76
49,42,436.59
49,43,319.47
49,49,0.0
49,50,469.58
49,52,469.58
49,53,546.76
49,55,357.47
49,56,405.4
49,57,180.22
49,58,436.59
49,59,170.48
49,60,298.93
49,61,259.56
49,63,546.76
49,64,180.22
49,65,436.59
49,66,431.92
49,67,101.71
49,68,282.44
49,69,405.4
49,70,223.1
49,71,27.0
49,72,319.47
49,73,357.47
49,74,292.98
49,75,232.41
49,76,315.44
49,78,223.1
49,79,73.66
49,80,11.0
49,81,282.44
49,85,298.93
49,93,298.93
49,94,337.49
49,95,101.71
49,96,298.93
49,97,259.56
49,98,500.09
49,99,170.48
49,100,73.66
49,101,282.44
49,102,8.0
49,103,357.47
49,104,405.4
49,105,469.58
49,106,436.59
49,107,546.76
49,108,308.46
49,109,298.93
49,110,170.48
49,112,319.47
49,113,180.22
49,114,292.98
49,115,431.92
49,116,357.47
49,117,298.93
49,118,282.44
49,119,500.09
49,120,73.66
49,121,180.22
49,122,259.56
49,123,73.66
50,0,167.72
50,1,699.46
50,2,172.49
50,8,160.92
50,10,192.18
50,11,133.22
50,12,328.14
50,13,221.51
50,14,648.53
50,15,96.19
50,16,86.15
50,17,149.55
50,18,12.0
50,19,220.17
50,20,254.12
50,22,139.54
50,23,396.22
50,24,56.81
50,39,96.19
50,40,15.0
50,41,149.55
50,42,86.15
50,43,648.53
50,49,469.58
50,50,0.0
50,52,7.0
50,53,149.55
50,55,133.22
50,56,96.19
50,57,328.14
50,58,86.15
50,59,574.01
50,60,172.49
50,61,221.51
50,63,149.55
50,64,328.14
50,65,86.15
50,66,699.46
50,67,417.24
50,68,192.18
50,69,96.19
50,70,495.66
50,71,469.58
50,72,648.53
50,73,133.22
50,74,220.17
50,75,254.12
50,76,163.69
50,78,495.66
50,79,396.22
50,80,469.58
50,81,192.18
50,85,172.49
50,93,172.49
50,94,139.54
50,95,417.24
50,96,172.49
50,97,221.51
50,98,56.81
50,99,574.01
50,100,396.22
50,101,192.18
50,102,469.58
50,103,133.22
50,104,96.19
50,105,10.0
50,106,86.15
50,107,149.55
50,108,167.72
50,109,172.49
50,110,574.01
50,112,648.53
50,113,328.14
50,114,220.17
50,115,699.46
50,116,133.22
50,117,172.49
50,118,192.18
50,119,56.81
50,120,396.22
50,121,328.14
50,122,221.51
50,123,396.22
52,0,167.72
52,1,699.46
52,2,172.49
52,8,160.92
52,10,192.18
52,11,133.22
52,12,328.14
52,13,221.51
52,14,648.53
52,15,96.19
52,16,86.15
52,17,149.55
52,18,14.0
52,19,220.17
52,20,254.12
52,22,139.54
52,23,396.22
52,24,56.81
52,39,96.19
52,40,17.0
52,41,149.55
52,42,86.15
52,43,648.53
52,49,469.58
52,50,7.0
52,52,0.0
52,53,149.55
52,55,133.22
52,56,96.19
52,57,328.14
52,58,86.15
52,59,574.01
52,60,172.49
52,61,221.51
52,63,149.55
52,64,328.14
52,65,86.15
52,66,699.46
52,67,417.24
52,68,192.18
52,69,96.19
52,70,495.66
52,71,469.58
52,72,648.53
52,73,133.22
52,74,220.17
52,75,254.12
52,76,163.69
52,78,495.66
52,79,396.22
52,80,469.58
52,81,192.18
52,85,172.49
52,93,172.49
52,94,139.54
52,95,417.24
52,96,172.49
52,97,221.51
52,98,56.81
52,99,574.01
52,100,396.22
52,101,192.18
52,102,469.58
52,103,133.22
52,104,96.19
52,105,8.0
52,106,86.15
52,107,149.55
52,108,167.72
52,109,172.49
52,110,574.01
52,112,648.53
52,113,328.14
52,114,220.17
52,115,699.46
52,116,133.22
52,117,172.49
52,118,192.18
52,119,56.81
52,120,396.22
52,121,328.14
52,122,221.51
52,123,396.22
53,0,244.29
53,1,833.2
53,2,279.43
53,8,233.07
53,10,269.46
53,11,192.38
53,12,377.21
53,13,333.82
53,14,770.95
53,15,147.46
53,16,116.5
53,17,16.0
53,18,149.55
53,19,257.08
53,20,314.46
53,22,261.38
53,23,474.34
53,24,93.25
53,39,147.46
53,40,149.55
53,41,17.0
53,42,116.5
53,43,770.95
53,49,546.76
53,50,149.55
53,52,149.55
53,53,0.0
53,55,192.38
53,56,147.46
53,57,377.21
53,58,116.5
53,59,677.23
53,60,279.43
53,61,333.82
53,63,15.0
53,64,377.21
53,65,116.5
53,66,833.2
53,67,517.47
53,68,269.46
53,69,147.46
53,70,617.9
53,71,546.76
53,72,770.95
53,73,192.38
53,74,257.08
53,75,314.46
53,76,235.8
53,78,617.9
53,79,474.34
53,80,546.76
53,81,269.46
53,85,279.43
53,93,279.43
53,94,261.38
53,95,517.47
53,96,279.43
53,97,333.82
53,98,93.25
53,99,677.23
53,100,474.34
53,101,269.46
53,102,546.76
53,103,192.38
53,104,147.46
53,105,149.55
53,106,116.5
53,107,9.0
53,108,244.29
53,109,279.43
53,110,677.23
53,112,770.95
53,113,377.21
53,114,257.08
53,115,833.2
53,116,192.38
53,117,279.43
53,118,269.46
53,119,93.25
53,120,474.34
53,121,377.21
53,122,333.82
53,123,474.34
55,0,52.12
55,1,654.94
55,2,98.53
55,8,40.72
55,10,77.09
55,11,24.0
55,12,199.48
55,13,150.61
55,14,584.08
55,15,48.12
55,16,79.12
55,17,192.38
55,18,133.22
55,19,86.95
55,20,128.42
55,22,102.01
55,23,284.21
55,24,146.28
55,39,48.12
55,40,133.22
55,41,192.38
55,42,79.12
55,43,584.08
55,49,357.47
55,50,133.22
55,52,133.22
55,53,192.38
55,55,0.0
55,56,48.12
55,57,199.48
55,58,79.12
55,59,485.03
55,60,98.53
55,61,150.61
55,63,192.38
55,64,199.48
55,65,79.12
55,66,654.94
55,67,325.32
55,68,77.09
55,69,48.12
55,70,432.29
55,71,357.47
55,72,584.08
55,73,23.0
55,74,86.95
55,75,128.42
55,76,43.43
55,78,432.29
55,79,284.21
55,80,357.47
55,81,77.09
55,85,98.53
55,93,98.53
55,94,102.01
55,95,325.32
55,96,98.53
55,97,150.61
55,98,146.28
55,99,485.03
55,100,284.21
55,101,77.09
55,102,357.47
55,103,28.0
55,104,48.12
55,105,133.22
55,106,79.12
55,107,192.38
55,108,52.12
55,109,98.53
55,110,485.03
55,112,584.08
55,113,199.48
55,114,86.95
55,115,654.94
55,116,16.0
55,117,98.53
55,118,77.09
55,119,146.28
55,120,284.21
55,121,199.48
55,122,150.61
55,123,284.21
56,0,98.06
56,1,690.73
56,2,133.43
56,8,87.41
56,10,123.86
56,11,48.12
56,12,246.59
56,13,187.73
56,14,624.51
56,15,21.0
56,16,31.57
56,17,147.46
56,18,96.19
56,19,130.38
56,20,176.41
56,22,122.8
56,23,332.04
56,24,99.17
56,39,22.0
56,40,96.19
56,41,147.46
56,42,31.57
56,43,624.51
56,49,405.4
56,50,96.19
56,52,96.19
56,53,147.46
56,55,48.12
56,56,0.0
56,57,246.59
56,58,31.57
56,59,530.19
56,60,133.43
56,61,187.73
56,63,147.46
56,64,246.59
56,65,31.57
56,66,690.73
56,67,370.43
56,68,123.86
56,69,18.0
56,70,471.81
56,71,405.4
56,72,624.51
56,73,48.12
56,74,130.38
56,75,176.41
56,76,90.27
56,78,471.81
56,79,332.04
56,80,405.4
56,81,123.86
56,85,133.43
56,93,133.43
56,94,122.8
56,95,370.43
56,96,133.43
56,97,187.73
56,98,99.17
56,99,530.19
56,100,332.04
56,101,123.86
56,102,405.4
56,103,48.12
56,104,28.0
56,105,96.19
56,106,31.57
56,107,147.46
56,108,98.06
56,109,133.43
56,110,530.19
56,112,624.51
56,113,246.59
56,114,130.38
56,115,690.73
56,116,48.12
56,117,133.43
56,118,123.86
56,119,99.17
56,120,332.04
56,121,246.59
56,122,187.73
56,123,332.04
57,0,161.02
57,1,569.55
57,2,182.36
57,8,167.22
57,10,138.66
57,11,199.48
57,12,25.0
57,13,175.5
57,14,471.9
57,15,246.59
57,16,275.58
57,17,377.21
57,18,328.14
57,19,120.25
57,20,74.63
57,22,222.85
57,23,118.6
57,24,345.6
57,39,246.59
57,40,328.14
57,41,377.21
57,42,275.58
57,43,471.9
57,49,180.22
57,50,328.14
57,52,328.14
57,53,377.21
57,55,199.48
57,56,246.59
57,57,0.0
57,58,275.58
57,59,339.4
57,60,182.36
57,61,175.5
57,63,377.21
57,64,12.0
57,65,275.58
57,66,569.55
57,67,198.13
57,68,138.66
57,69,246.59
57,70,339.32
57,71,180.22
57,72,471.9
57,73,199.48
57,74,120.25
57,75,74.63
57,76,164.46
57,78,339.32
57,79,118.6
57,80,180.22
57,81,138.66
57,85,182.36
57,93,182.36
57,94,222.85
57,95,198.13
57,96,182.36
57,97,175.5
57,98,345.6
57,99,339.4
57,100,118.6
57,101,138.66
57,102,180.22
57,103,199.48
57,104,246.59
57,105,328.14
57,106,275.58
57,107,377.21
57,108,161.02
57,109,182.36
57,110,339.4
57,112,471.9
57,113,11.0
57,114,120.25
57,115,569.55
57,116,199.48
57,117,182.36
57,118,138.66
57,119,345.6
57,120,118.6
57,121,19.0
57,122,175.5
57,123,118.6
58,0,129.62
58,1,719.13
58,2,163.18
58,8,118.9
58,10,155.39
58,11,79.12
58,12,275.58
58,13,217.59
58,14,654.69
58,15,31.57
58,16,22.0
58,17,116.5
58,18,86.15
58,19,157.38
58,20,206.7
58,22,148.5
58,23,363.31
58,24,72.99
58,39,31.57
58,40,86.15
58,41,116.5
58,42,21.0
58,43,654.69
58,49,436.59
58,50,86.15
58,52,86.15
58,53,116.5
58,55,79.12
58,56,31.57
58,57,275.58
58,58,0.0
58,59,561.64
58,60,163.18
58,61,217.59
58,63,116.5
58,64,275.58
58,65,12.0
58,66,719.13
58,67,401.89
58,68,155.39
58,69,31.57
58,70,501.77
58,71,436.59
58,72,654.69
58,73,79.12
58,74,157.38
58,75,206.7
58,76,121.75
58,78,501.77
58,79,363.31
58,80,436.59
58,81,155.39
58,85,163.18
58,93,163.18
58,94,148.5
58,95,401.89
58,96,163.18
58,97,217.59
58,98,72.99
58,99,561.64
58,100,363.31
58,101,155.39
58,102,436.59
58,103,79.12
58,104,31.57
58,105,86.15
58,106,28.0
58,107,116.5
58,108,129.62
58,109,163.18
58,110,561.64
58,112,654.69
58,113,275.58
58,114,157.38
58,115,719.13
58,116,79.12
58,117,163.18
58,118,155.39
58,119,72.99
58,120,363.31
58,121,275.58
58,122,217.59
58,123,363.31
59,0,432.98
59,1,275.21
59,2,404.07
59,8,444.31
59,10,408.15
59,11,485.03
59,12,339.4
59,13,352.6
59,14,155.39
59,15,530.19
59,16,561.64
59,17,677.23
59,18,574.01
59,19,438.01
59,20,374.06
59,22,434.5
59,23,220.88
59,24,615.19
59,39,530.19
59,40,574.01
59,41,677.23
59,42,561.64
59,43,155.39
59,49,170.48
59,50,574.01
59,52,574.01
59,53,677.23
59,55,485.03
59,56,530.19
59,57,339.4
59,58,561.64
59,59,0.0
59,60,404.07
59,61,352.6
59,63,677.23
59,64,339.4
59,65,561.64
59,66,275.21
59,67,159.77
59,68,408.15
59,69,530.19
59,70,133.52
59,71,170.48
59,72,155.39
59,73,485.03
59,74,438.01
59,75,374.06
59,76,441.63
59,78,133.52
59,79,220.88
59,80,170.48
59,81,408.15
59,85,404.07
59,93,404.07
59,94,434.5
59,95,159.77
59,96,404.07
59,97,352.6
59,98,615.19
59,99,20.0
59,100,220.88
59,101,408.15
59,102,170.48
59,103,485.03
59,104,530.19
59,105,574.01
59,106,561.64
59,107,677.23
59,108,432.98
59,109,404.07
59,110,6.0
59,112,155.39
59,113,339.4
59,114,438.01
59,115,275.21
59,116,485.03
59,117,404.07
59,118,408.15
59,119,615.19
59,120,220.88
59,121,339.4
59,122,352.6
59,123,220.88
60,0,58.29
60,1,557.87
60,2,13.0
60,8,67.37
60,10,56.79
60,11,98.53
60,12,182.36
60,13,54.41
60,14,491.54
60,15,133.43
60,16,163.18
60,17,279.43
60,18,172.49
60,19,124.55
60,20,112.15
60,22,41.24
60,23,226.36
60,24,211.13
60,39,133.43
60,40,172.49
60,41,279.43
60,42,163.18
60,43,491.54
60,49,298.93
60,50,172.49
60,52,172.49
60,53,279.43
60,55,98.53
60,56,133.43
60,57,182.36
60,58,163.18
60,59,404.07
60,60,0.0
60,61,54.41
60,63,279.43
60,64,182.36
60,65,163.18
60,66,557.87
60,67,245.71
60,68,56.79
60,69,133.43
60,70,338.59
60,71,298.93
60,72,491.54
60,73,98.53
60,74,124.55
60,75,112.15
60,76,66.59
60,78,338.59
60,79,226.36
60,80,298.93
60,81,56.79
60,85,0.0
60,93,0.0
60,94,41.24
60,95,245.71
60,96,16.0
60,97,54.41
60,98,211.13
60,99,404.07
60,100,226.36
60,101,56.79
60,102,298.93
60,103,98.53
60,104,133.43
60,105,172.49
60,106,163.18
60,107,279.43
60,108,58.29
60,109,29.0
60,110,404.07
60,112,491.54
60,113,182.36
60,114,124.55
60,115,557.87
60,116,98.53
60,117,12.0
60,118,56.79
60,119,211.13
60,120,226.36
60,121,182.36
60,122,54.41
60,123,226.36
61,0,103.69
61,1,504.42
61,2,54.41
61,8,114.73
61,10,89.84
61,11,150.61
61,12,175.5
61,13,28.0
61,14,437.14
61,15,187.73
61,16,217.59
61,17,333.82
61,18,221.51
61,19,155.65
61,20,119.69
61,22,82.25
61,23,189.99
61,24,263.67
61,39,187.73
61,40,221.51
61,41,333.82
61,42,217.59
61,43,437.14
61,49,259.56
61,50,221.51
61,52,221.51
61,53,333.82
61,55,150.61
61,56,187.73
61,57,175.5
61,58,217.59
61,59,352.6
61,60,54.41
61,61,0.0
61,63,333.82
61,64,175.5
61,65,217.59
61,66,504.42
61,67,196.11
61,68,89.84
61,69,187.73
61,70,284.19
61,71,259.56
61,72,437.14
61,73,150.61
61,74,155.65
61,75,119.69
61,76,113.11
61,78,284.19
61,79,189.99
61,80,259.56
61,81,89.84
61,85,54.41
61,93,54.41
61,94,82.25
61,95,196.11
61,96,54.41
61,97,16.0
61,98,263.67
61,99,352.6
61,100,189.99
61,101,89.84
61,102,259.56
61,103,150.61
61,104,187.73
61,105,221.51
61,106,217.59
61,107,333.82
61,108,103.69
61,109,54.41
61,110,352.6
61,112,437.14
61,113,175.5
61,114,155.65
61,115,504.42
61,116,150.61
61,117,54.41
61,118,89.84
61,119,263.67
61,120,189.99
61,121,175.5
61,122,16.0
61,123,189.99
63,0,244.29
63,1,833.2
63,2,279.43
63,8,233.07
63,10,269.46
63,11,192.38
63,12,377.21
63,13,333.82
63,14,770.95
63,15,147.46
63,16,116.5
63,17,26.0
63,18,149.55
63,19,257.08
63,20,314.46
63,22,261.38
63,23,474.34
63,24,93.25
63,39,147.46
63,40,149.55
63,41,27.0
63,42,116.5
63,43,770.95
63,49,546.76
63,50,149.55
63,52,149.55
63,53,15.0
63,55,192.38
63,56,147.46
63,57,377.21
63,58,116.5
63,59,677.23
63,60,279.43
63,61,333.82
63,63,0.0
63,64,377.21
63,65,116.5
63,66,833.2
63,67,517.47
63,68,269.46
63,69,147.46
63,70,617.9
63,71,546.76
63,72,770.95
63,73,192.38
63,74,257.08
63,75,314.46
63,76,235.8
63,78,617.9
63,79,474.34
63,80,546.76
63,81,269.46
63,85,279.43
63,93,279.43
63,94,261.38
63,95,517.47
63,96,279.43
63,97,333.82
63,98,93.25
63,99,677.23
63,100,474.34
63,101,269.46
63,102,546.76
63,103,192.38
63,104,147.46
63,105,149.55
63,106,116.5
63,107,24.0
63,108,244.29
63,109,279.43
63,110,677.23
63,112,770.95
63,113,377.21
63,114,257.08
63,115,833.2
63,116,192.38
63,117,279.43
63,118,269.46
63,119,93.25
63,120,474.34
63,121,377.21
63,122,333.82
63,123,474.34
64,0,161.02
64,1,569.55
64,2,182.36
64,8,167.22
64,10,138.66
64,11,199.48
64,12,7.0
64,13,175.5
64,14,471.9
64,15,246.59
64,16,275.58
64,17,377.21
64,18,328.14
64,19,120.25
64,20,74.63
64,22,222.85
64,23,118.6
64,24,345.6
64,39,246.59
64,40,328.14
64,41,377.21
64,42,275.58
64,43,471.9
64,49,180.22
64,50,328.14
64,52,328.14
64,53,377.21
64,55,199.48
64,56,246.59
64,57,12.0
64,58,275.58
64,59,339.4
64,60,182.36
64,61,175.5
64,63,377.21
64,64,0.0
64,65,275.58
64,66,569.55
64,67,198.13
64,68,138.66
64,69,246.59
64,70,339.32
64,71,180.22
64,72,471.9
64,73,199.48
64,74,120.25
64,75,74.63
64,76,164.46
64,78,339.32
64,79,118.6
64,80,180.22
64,81,138.66
64,85,182.36
64,93,182.36
64,94,222.85
64,95,198.13
64,96,182.36
64,97,175.5
64,98,345.6
64,99,339.4
64,100,118.6
64,101,138.66
64,102,180.22
64,103,199.48
64,104,246.59
64,105,328.14
64,106,275.58
64,107,377.21
64,108,161.02
64,109,182.36
64,110,339.4
64,112,471.9
64,113,29.0
64,114,120.25
64,115,569.55
64,116,199.48
64,117,182.36
64,118,138.66
64,119,345.6
64,120,118.6
64,121,12.0
64,122,175.5
64,123,118.6
65,0,129.62
65,1,719.13
65,2,163.18
65,8,118.9
65,10,155.39
65,11,79.12
65,12,275.58
65,13,217.59
65,14,654.69
65,15,31.57
65,16,29.0
65,17,116.5
65,18,86.15
65,19,157.38
65,20,206.7
65,22,148.5
65,23,363.31
65,24,72.99
65,39,31.57
65,40,86.15
65,41,116.5
65,42,28.0
65,43,654.69
65,49,436.59
65,50,86.15
65,52,86.15
65,53,116.5
65,55,79.12
65,56,31.57
65,57,275.58
65,58,12.0
65,59,561.64
65,60,163.18
65,61,217.59
65,63,116.5
65,64,275.58
65,65,0.0
65,66,719.13
65,67,401.89
65,68,155.39
65,69,31.57
65,70,501.77
65,71,436.59
65,72,654.69
65,73,79.12
65,74,157.38
65,75,206.7
65,76,121.75
65,78,501.77
65,79,363.31
65,80,436.59
65,81,155.39
65,85,163.18
65,93,163.18
65,94,148.5
65,95,401.89
65,96,163.18
65,97,217.59
65,98,72.99
65,99,561.64
65,100,363.31
65,101,155.39
65,102,436.59
65,103,79.12
65,104,31.57
65,105,86.15
65,106,21.0
65,107,116.5
65,108,129.62
65,109,163.18
65,110,561.64
65,112,654.69
65,113,275.58
65,114,157.38
65,115,719.13
65,116,79.12
65,117,163.18
65,118,155.39
65,119,72.99
65,120,363.31
65,121,275.58
65,122,217.59
65,123,363.31
66,0,606.03
66,1,20.0
66,2,557.87
66,8,617.55
66,10,586.64
66,11,654.94
66,12,569.55
66,13,504.42
66,14,122.16
66,15,690.73
66,16,719.13
66,17,833.2
66,18,699.46
66,19,638.0
66,20,577.56
66,22,571.82
66,23,458.29
66,24,752.03
66,39,690.73
66,40,699.46
66,41,833.2
66,42,719.13
66,43,122.16
66,49,431.92
66,50,699.46
66,52,699.46
66,53,833.2
66,55,654.94
66,56,690.73
66,57,569.55
66,58,719.13
66,59,275.21
66,60,557.87
66,61,504.42
66,63,833.2
66,64,569.55
66,65,719.13
66,66,0.0
66,67,371.9
66,68,586.64
66,69,690.73
66,70,231.32
66,71,431.92
66,72,122.16
66,73,654.94
66,74,638.0
66,75,577.56
66,76,615.56
66,78,231.32
66,79,458.29
66,80,431.92
66,81,586.64
66,85,557.87
66,93,557.87
66,94,571.82
66,95,371.9
66,96,557.87
66,97,504.42
66,98,752.03
66,99,275.21
66,100,458.29
66,101,586.64
66,102,431.92
66,103,654.94
66,104,690.73
66,105,699.46
66,106,719.13
66,107,833.2
66,108,606.03
66,109,557.87
66,110,275.21
66,112,122.16
66,113,569.55
66,114,638.0
66,115,29.0
66,116,654.94
66,117,557.87
66,118,586.64
66,119,752.03
66,120,458.29
66,121,569.55
66,122,504.42
66,123,458.29
67,0,273.25
67,1,371.9
67,2,245.71
67,8,284.6
67,10,248.54
67,11,325.32
67,12,198.13
67,13,196.11
67,14,275.02
67,15,370.43
67,16,401.89
67,17,517.47
67,18,417.24
67,19,282.37
67,20,218.51
67,22,278.35
67,23,88.86
67,24,456.47
67,39,370.43
67,40,417.24
67,41,517.47
67,42,401.89
67,43,275.02
67,49,101.71
67,50,417.24
67,52,417.24
67,53,517.47
67,55,325.32
67,56,370.43
67,57,198.13
67,58,401.89
67,59,159.77
67,60,245.71
67,61,196.11
67,63,517.47
67,64,198.13
67,65,401.89
67,66,371.9
67,67,0.0
67,68,248.54
67,69,370.43
67,70,143.9
67,71,101.71
67,72,275.02
67,73,325.32
67,74,282.37
67,75,218.51
67,76,281.94
67,78,143.9
67,79,88.86
67,80,101.71
67,81,248.54
67,85,245.71
67,93,245.71
67,94,278.35
67,95,8.0
67,96,245.71
67,97,196.11
67,98,456.47
67,99,159.77
67,100,88.86
67,101,248.54
67,102,101.71
67,103,325.32
67,104,370.43
67,105,417.24
67,106,401.89
67,107,517.47
67,108,273.25
67,109,245.71
67,110,159.77
67,112,275.02
67,113,198.13
67,114,282.37
67,115,371.9
67,116,325.32
67,117,245.71
67,118,248.54
67,119,456.47
67,120,88.86
67,121,198.13
67,122,196.11
67,123,88.86
68,0,26.03
68,1,586.64
68,2,56.79
68,8,36.52
68,10,13.0
68,11,77.09
68,12,138.66
68,13,89.84
68,14,510.75
68,15,123.86
68,16,155.39
68,17,269.46
68,18,192.18
68,19,68.61
68,20,64.16
68,22,90.53
68,23,208.85
68,24,217.79
68,39,123.86
68,40,192.18
68,41,269.46
68,42,155.39
68,43,510.75
68,49,282.44
68,50,192.18
68,52,192.18
68,53,269.46
68,55,77.09
68,56,123.86
68,57,138.66
68,58,155.39
68,59,408.15
68,60,56.79
68,61,89.84
68,63,269.46
68,64,138.66
68,65,155.39
68,66,586.64
68,67,248.54
68,68,0.0
68,69,123.86
68,70,360.41
68,71,282.44
68,72,510.75
68,73,77.09
68,74,68.61
68,75,64.16
68,76,33.72
68,78,360.41
68,79,208.85
68,80,282.44
68,81,18.0
68,85,56.79
68,93,56.79
68,94,90.53
68,95,248.54
68,96,56.79
68,97,89.84
68,98,217.79
68,99,408.15
68,100,208.85
68,101,13.0
68,102,282.44
68,103,77.09
68,104,123.86
68,105,192.18
68,106,155.39
68,107,269.46
68,108,26.03
68,109,56.79
68,110,408.15
68,112,510.75
68,113,138.66
68,114,68.61
68,115,586.64
68,116,77.09
68,117,56.79
68,118,5.0
68,119,217.79
68,120,208.85
68,121,138.66
68,122,89.84
68,123,208.85
69,0,98.06
69,1,690.73
69,2,133.43
69,8,87.41
69,10,123.86
69,11,48.12
69,12,246.59
69,13,187.73
69,14,624.51
69,15,9.0
69,16,31.57
69,17,147.46
69,18,96.19
69,19,130.38
69,20,176.41
69,22,122.8
69,23,332.04
69,24,99.17
69,39,10.0
69,40,96.19
69,41,147.46
69,42,31.57
69,43,624.51
69,49,405.4
69,50,96.19
69,52,96.19
69,53,147.46
69,55,48.12
69,56,18.0
69,57,246.59
69,58,31.57
69,59,530.19
69,60,133.43
69,61,187.73
69,63,147.46
69,64,246.59
69,65,31.57
69,66,690.73
69,67,370.43
69,68,123.86
69,69,0.0
69,70,471.81
69,71,405.4
69,72,624.51
69,73,48.12
69,74,130.38
69,75,176.41
69,76,90.27
69,78,471.81
69,79,332.04
69,80,405.4
69,81,123.86
69,85,133.43
69,93,133.43
69,94,122.8
69,95,370.43
69,96,133.43
69,97,187.73
69,98,99.17
69,99,530.19
69,100,332.04
69,101,123.86
69,102,405.4
69,103,48.12
69,104,15.0
69,105,96.19
69,106,31.57
69,107,147.46
69,108,98.06
69,109,133.43
69,110,530.19
69,112,624.51
69,113,246.59
69,114,130.38
69,115,690.73
69,116,48.12
69,117,133.43
69,118,123.86
69,119,99.17
69,120,332.04
69,121,246.59
69,122,187.73
69,123,332.04
70,0,381.6
70,1,231.32
70,2,338.59
70,8,393.27
70,10,360.41
70,11,432.29
70,12,339.32
70,13,284.19
70,14,153.33
70,15,471.81
70,16,501.77
70,17,617.9
70,18,495.66
70,19,408.13
70,20,346.82
70,22,359.5
70,23,232.52
70,24,543.78
70,39,471.81
70,40,495.66
70,41,617.9
70,42,501.77
70,43,153.33
70,49,223.1
70,50,495.66
70,52,495.66
70,53,617.9
70,55,432.29
70,56,471.81
70,57,339.32
70,58,501.77
70,59,133.52
70,60,338.59
70,61,284.19
70,63,617.9
70,64,339.32
70,65,501.77
70,66,231.32
70,67,143.9
70,68,360.41
70,69,471.81
70,70,0.0
70,71,223.1
70,72,153.33
70,73,432.29
70,74,408.13
70,75,346.82
70,76,391.05
70,78,13.0
70,79,232.52
70,80,223.1
70,81,360.41
70,85,338.59
70,93,338.59
70,94,359.5
70,95,143.9
70,96,338.59
70,97,284.19
70,98,543.78
70,99,133.52
70,100,232.52
70,101,360.41
70,102,223.1
70,103,432.29
70,104,471.81
70,105,495.66
70,106,501.77
70,107,617.9
70,108,381.6
70,109,338.59
70,110,133.52
70,112,153.33
70,113,339.32
70,114,408.13
70,115,231.32
70,116,432.29
70,117,338.59
70,118,360.41
70,119,543.78
70,120,232.52
70,121,339.32
70,122,284.19
70,123,232.52
71,0,308.46
71,1,431.92
71,2,298.93
71,8,318.35
71,10,282.44
71,11,357.47
71,12,180.22
71,13,259.56
71,14,319.47
71,15,405.4
71,16,436.59
71,17,546.76
71,18,469.58
71,19,292.98
71,20,232.41
71,22,337.49
71,23,73.66
71,24,500.09
71,39,405.4
71,40,469.58
71,41,546.76
71,42,436.59
71,43,319.47
71,49,27.0
71,50,469.58
71,52,469.58
71,53,546.76
71,55,357.47
71,56,405.4
71,57,180.22
71,58,436.59
71,59,170.48
71,60,298.93
71,61,259.56
71,63,546.76
71,64,180.22
71,65,436.59
71,66,431.92
71,67,101.71
71,68,282.44
71,69,405.4
71,70,223.1
71,71,0.0
71,72,319.47
71,73,357.47
71,74,292.98
71,75,232.41
71,76,315.44
71,78,223.1
71,79,73.66
71,80,14.0
71,81,282.44
71,85,298.93
71,93,298.93
71,94,337.49
71,95,101.71
71,96,298.93
71,97,259.56
71,98,500.09
71,99,170.48
71,100,73.66
71,101,282.44
71,102,11.0
71,103,357.47
71,104,405.4
71,105,469.58
71,106,436.59
71,107,546.76
71,108,308.46
71,109,298.93
71,110,170.48
71,112,319.47
71,113,180.22
71,114,292.98
71,115,431.92
71,116,357.47
71,117,298.93
71,118,282.44
71,119,500.09
71,120,73.66
71,121,180.22
71,122,259.56
71,123,73.66
72,0,532.85
72,1,122.16
72,2,491.54
72,8,544.54
72,10,510.75
72,11,584.08
72,12,471.9
72,13,437.14
72,14,13.0
72,15,624.51
72,16,654.69
72,17,770.95
72,18,648.53
72,19,554.08
72,20,491.11
72,22,512.82
72,23,355.68
72,24,697.05
72,39,624.51
72,40,648.53
72,41,770.95
72,42,654.69
72,43,9.0
72,49,319.47
72,50,648.53
72,52,648.53
72,53,770.95
72,55,584.08
72,56,624.51
72,57,471.9
72,58,654.69
72,59,155.39
72,60,491.54
72,61,437.14
72,63,770.95
72,64,471.9
72,65,654.69
72,66,122.16
72,67,275.02
72,68,510.75
72,69,624.51
72,70,153.33
72,71,319.47
72,72,0.0
72,73,584.08
72,74,554.08
72,75,491.11
72,76,542.22
72,78,153.33
72,79,355.68
72,80,319.47
72,81,510.75
72,85,491.54
72,93,491.54
72,94,512.82
72,95,275.02
72,96,491.54
72,97,437.14
72,98,697.05
72,99,155.39
72,100,355.68
72,101,510.75
72,102,319.47
72,103,584.08
72,104,624.51
72,105,648.53
72,106,654.69
72,107,770.95
72,108,532.85
72,109,491.54
72,110,155.39
72,112,20.0
72,113,471.9
72,114,554.08
72,115,122.16
72,116,584.08
72,117,491.54
72,118,510.75
72,119,697.05
72,120,355.68
72,121,471.9
72,122,437.14
72,123,355.68
73,0,52.12
73,1,654.94
73,2,98.53
73,8,40.72
73,10,77.09
73,11,17.0
73,12,199.48
73,13,150.61
73,14,584.08
73,15,48.12
73,16,79.12
73,17,192.38
73,18,133.22
73,19,86.95
73,20,128.42
73,22,102.01
73,23,284.21
73,24,146.28
73,39,48.12
73,40,133.22
73,41,192.38
73,42,79.12
73,43,584.08
73,49,357.47
73,50,133.22
73,52,133.22
73,53,192.38
73,55,23.0
73,56,48.12
73,57,199.48
73,58,79.12
73,59,485.03
73,60,98.53
73,61,150.61
73,63,192.38
73,64,199.48
73,65,79.12
73,66,654.94
73,67,325.32
73,68,77.09
73,69,48.12
73,70,432.29
73,71,357.47
73,72,584.08
73,73,0.0
73,74,86.95
73,75,128.42
73,76,43.43
73,78,432.29
73,79,284.21
73,80,357.47
73,81,77.09
73,85,98.53
73,93,98.53
73,94,102.01
73,95,325.32
73,96,98.53
73,97,150.61
73,98,146.28
73,99,485.03
73,100,284.21
73,101,77.09
73,102,357.47
73,103,10.0
73,104,48.12
73,105,133.22
73,106,79.12
73,107,192.38
73,108,52.12
73,109,98.53
73,110,485.03
73,112,584.08
73,113,199.48
73,114,86.95
73,115,654.94
73,116,23.0
73,117,98.53
73,118,77.09
73,119,146.28
73,120,284.21
73,121,199.48
73,122,150.61
73,123,284.21
74,0,71.84
74,1,638.0
74,2,124.55
74,8,69.99
74,10,68.61
74,11,86.95
74,12,120.25
74,13,155.65
74,14,554.08
74,15,130.38
74,16,157.38
74,17,257.08
74,18,220.17
74,19,10.0
74,20,64.01
74,22,152.91
74,23,222.95
74,24,229.23
74,39,130.38
74,40,220.17
74,41,257.08
74,42,157.38
74,43,554.08
74,49,292.98
74,50,220.17
74,52,220.17
74,53,257.08
74,55,86.95
74,56,130.38
74,57,120.25
74,58,157.38
74,59,438.01
74,60,124.55
74,61,155.65
74,63,257.08
74,64,120.25
74,65,157.38
74,66,638.0
74,67,282.37
74,68,68.61
74,69,130.38
74,70,408.13
74,71,292.98
74,72,554.08
74,73,86.95
74,74,0.0
74,75,64.01
74,76,68.44
74,78,408.13
74,79,222.95
74,80,292.98
74,81,68.61
74,85,124.55
74,93,124.55
74,94,152.91
74,95,282.37
74,96,124.55
74,97,155.65
74,98,229.23
74,99,438.01
74,100,222.95
74,101,68.61
74,102,292.98
74,103,86.95
74,104,130.38
74,105,220.17
74,106,157.38
74,107,257.08
74,108,71.84
74,109,124.55
74,110,438.01
74,112,554.08
74,113,120.25
74,114,20.0
74,115,638.0
74,116,86.95
74,117,124.55
74,118,68.61
74,119,229.23
74,120,222.95
74,121,120.25
74,122,155.65
74,123,222.95
75,0,86.57
75,1,577.56
75,2,112.15
75,8,93.42
75,10,64.16
75,11,128.42
75,12,74.63
75,13,119.69
75,14,491.11
75,15,176.41
75,16,206.7
75,17,314.46
75,18,254.12
75,19,64.01
75,20,10.0
75,22,151.12
75,23,160.76
75,24,274.46
75,39,176.41
75,40,254.12
75,41,314.46
75,42,206.7
75,43,491.11
75,49,232.41
75,50,254.12
75,52,254.12
75,53,314.46
75,55,128.42
75,56,176.41
75,57,74.63
75,58,206.7
75,59,374.06
75,60,112.15
75,61,119.69
75,63,314.46
75,64,74.63
75,65,206.7
75,66,577.56
75,67,218.51
75,68,64.16
75,69,176.41
75,70,346.82
75,71,232.41
75,72,491.11
75,73,128.42
75,74,64.01
75,75,0.0
75,76,90.58
75,78,346.82
75,79,160.76
75,80,232.41
75,81,64.16
75,85,112.15
75,93,112.15
75,94,151.12
75,95,218.51
75,96,112.15
75,97,119.69
75,98,274.46
75,99,374.06
75,100,160.76
75,101,64.16
75,102,232.41
75,103,128.42
75,104,176.41
75,105,254.12
75,106,206.7
75,107,314.46
75,108,86.57
75,109,112.15
75,110,374.06
75,112,491.11
75,113,74.63
75,114,64.01
75,115,577.56
75,116,128.42
75,117,112.15
75,118,64.16
75,119,274.46
75,120,160.76
75,121,74.63
75,122,119.69
75,123,160.76
76,0,9.53
76,1,615.56
76,2,66.59
76,8,2.92
76,10,33.72
76,11,43.43
76,12,164.46
76,13,113.11
76,14,542.22
76,15,90.27
76,16,121.75
76,17,235.8
76,18,163.69
76,19,68.44
76,20,90.58
76,22,86.31
76,23,241.96
76,24,185.48
76,39,90.27
76,40,163.69
76,41,235.8
76,42,121.75
76,43,542.22
76,49,315.44
76,50,163.69
76,52,163.69
76,53,235.8
76,55,43.43
76,56,90.27
76,57,164.46
76,58,121.75
76,59,441.63
76,60,66.59
76,61,113.11
76,63,235.8
76,64,164.46
76,65,121.75
76,66,615.56
76,67,281.94
76,68,33.72
76,69,90.27
76,70,391.05
76,71,315.44
76,72,542.22
76,73,43.43
76,74,68.44
76,75,90.58
76,76,0.0
76,78,391.05
76,79,241.96
76,80,315.44
76,81,33.72
76,85,66.59
76,93,66.59
76,94,86.31
76,95,281.94
76,96,66.59
76,97,113.11
76,98,185.48
76,99,441.63
76,100,241.96
76,101,33.72
76,102,315.44
76,103,43.43
76,104,90.27
76,105,163.69
76,106,121.75
76,107,235.8
76,108,9.53
76,109,66.59
76,110,441.63
76,112,542.22
76,113,164.46
76,114,68.44
76,115,615.56
76,116,43.43
76,117,66.59
76,118,33.72
76,119,185.48
76,120,241.96
76,121,164.46
76,122,113.11
76,123,241.96
78,0,381.6
78,1,231.32
78,2,338.59
78,8,393.27
78,10,360.41
78,11,432.29
78,12,339.32
78,13,284.19
78,14,153.33
78,15,471.81
78,16,501.77
78,17,617.9
78,18,495.66
78,19,408.13
78,20,346.82
78,22,359.5
78,23,232.52
78,24,543.78
78,39,471.81
78,40,495.66
78,41,617.9
78,42,501.77
78,43,153.33
78,49,223.1
78,50,495.66
78,52,495.66
78,53,617.9
78,55,432.29
78,56,471.81
78,57,339.32
78,58,501.77
78,59,133.52
78,60,338.59
78,61,284.19
78,63,617.9
78,64,339.32
78,65,501.77
78,66,231.32
78,67,143.9
78,68,360.41
78,69,471.81
78,70,13.0
78,71,223.1
78,72,153.33
78,73,432.29
78,74,408.13
78,75,346.82
78,76,391.05
78,78,0.0
78,79,232.52
78,80,223.1
78,81,360.41
78,85,338.59
78,93,338.59
78,94,359.5
78,95,143.9
78,96,338.59
78,97,284.19
78,98,543.78
78,99,133.52
78,100,232.52
78,101,360.41
78,102,223.1
78,103,432.29
78,104,471.81
78,105,495.66
78,106,501.77
78,107,617.9
78,108,381.6
78,109,338.59
78,110,133.52
78,112,153.33
78,113,339.32
78,114,408.13
78,115,231.32
78,116,432.29
78,117,338.59
78,118,360.41
78,119,543.78
78,120,232.52
78,121,339.32
78,122,284.19
78,123,232.52
79,0,234.88
79,1,458.29
79,2,226.36
79,8,244.86
79,10,208.85
79,11,284.21
79,12,118.6
79,13,189.99
79,14,355.68
79,15,332.04
79,16,363.31
79,17,474.34
79,18,396.22
79,19,222.95
79,20,160.76
79,22,265.63
79,23,11.0
79,24,426.44
79,39,332.04
79,40,396.22
79,41,474.34
79,42,363.31
79,43,355.68
79,49,73.66
79,50,396.22
79,52,396.22
79,53,474.34
79,55,284.21
79,56,332.04
79,57,118.6
79,58,363.31
79,59,220.88
79,60,226.36
79,61,189.99
79,63,474.34
79,64,118.6
79,65,363.31
79,66,458.29
79,67,88.86
79,68,208.85
79,69,332.04
79,70,232.52
79,71,73.66
79,72,355.68
79,73,284.21
79,74,222.95
79,75,160.76
79,76,241.96
79,78,232.52
79,79,0.0
79,80,73.66
79,81,208.85
79,85,226.36
79,93,226.36
79,94,265.63
79,95,88.86
79,96,226.36
79,97,189.99
79,98,426.44
79,99,220.88
79,100,26.0
79,101,208.85
79,102,73.66
79,103,284.21
79,104,332.04
79,105,396.22
79,106,363.31
79,107,474.34
79,108,234.88
79,109,226.36
79,110,220.88
79,112,355.68
79,113,118.6
79,114,222.95
79,115,458.29
79,116,284.21
79,117,226.36
79,118,208.85
79,119,426.44
79,120,21.0
79,121,118.6
79,122,189.99
79,123,24.0
80,0,308.46
80,1,431.92
80,2,298.93
80,8,318.35
80,10,282.44
80,11,357.47
80,12,180.22
80,13,259.56
80,14,319.47
80,15,405.4
80,16,436.59
80,17,546.76
80,18,469.58
80,19,292.98
80,20,232.41
80,22,337.49
80,23,73.66
80,24,500.09
80,39,405.4
80,40,469.58
80,41,546.76
80,42,436.59
80,43,319.47
80,49,11.0
80,50,469.58
80,52,469.58
80,53,546.76
80,55,357.47
80,56,405.4
80,57,180.22
80,58,436.59
80,59,170.48
80,60,298.93
80,61,259.56
80,63,546.76
80,64,180.22
80,65,436.59
80,66,431.92
80,67,101.71
80,68,282.44
80,69,405.4
80,70,223.1
80,71,14.0
80,72,319.47
80,73,357.47
80,74,292.98
80,75,232.41
80,76,315.44
80,78,223.1
80,79,73.66
80,80,0.0
80,81,282.44
80,85,298.93
80,93,298.93
80,94,337.49
80,95,101.71
80,96,298.93
80,97,259.56
80,98,500.09
80,99,170.48
80,100,73.66
80,101,282.44
80,102,27.0
80,103,357.47
80,104,405.4
80,105,469.58
80,106,436.59
80,107,546.76
80,108,308.46
80,109,298.93
80,110,170.48
80,112,319.47
80,113,180.22
80,114,292.98
80,115,431.92
80,116,357.47
80,117,298.93
80,118,282.44
80,119,500.09
80,120,73.66
80,121,180.22
80,122,259.56
80,123,73.66
81,0,26.03
81,1,586.64
81,2,56.79
81,8,36.52
81,10,26.0
81,11,77.09
81,12,138.66
81,13,89.84
81,14,510.75
81,15,123.86
81,16,155.39
81,17,269.46
81,18,192.18
81,19,68.61
81,20,64.16
81,22,90.53
81,23,208.85
81,24,217.79
81,39,123.86
81,40,192.18
81,41,269.46
81,42,155.39
81,43,510.75
81,49,282.44
81,50,192.18
81,52,192.18
81,53,269.46
81,55,77.09
81,56,123.86
81,57,138.66
81,58,155.39
81,59,408.15
81,60,56.79
81,61,89.84
81,63,269.46
81,64,138.66
81,65,155.39
81,66,586.64
81,67,248.54
81,68,18.0
81,69,123.86
81,70,360.41
81,71,282.44
81,72,510.75
81,73,77.09
81,74,68.61
81,75,64.16
81,76,33.72
81,78,360.41
81,79,208.85
81,80,282.44
81,81,0.0
81,85,56.79
81,93,56.79
81,94,90.53
81,95,248.54
81,96,56.79
81,97,89.84
81,98,217.79
81,99,408.15
81,100,208.85
81,101,25.0
81,102,282.44
81,103,77.09
81,104,123.86
81,105,192.18
81,106,155.39
81,107,269.46
81,108,26.03
81,109,56.79
81,110,408.15
81,112,510.75
81,113,138.66
81,114,68.61
81,115,586.64
81,116,77.09
81,117,56.79
81,118,17.0
81,119,217.79
81,120,208.85
81,121,138.66
81,122,89.84
81,123,208.85
85,0,58.29
85,1,557.87
85,2,0.0
85,8,67.37
85,10,56.79
85,11,98.53
85,12,182.36
85,13,54.41
85,14,491.54
85,15,133.43
85,16,163.18
85,17,279.43
85,18,172.49
85,19,124.55
85,20,112.15
85,22,41.24
85,23,226.36
85,24,211.13
85,39,133.43
85,40,172.49
85,41,279.43
85,42,163.18
85,43,491.54
85,49,298.93
85,50,172.49
85,52,172.49
85,53,279.43
85,55,98.53
85,56,133.43
85,57,182.36
85,58,163.18
85,59,404.07
85,60,0.0
85,61,54.41
85,63,279.43
85,64,182.36
85,65,163.18
85,66,557.87
85,67,245.71
85,68,56.79
85,69,133.43
85,70,338.59
85,71,298.93
85,72,491.54
85,73,98.53
85,74,124.55
85,75,112.15
85,76,66.59
85,78,338.59
85,79,226.36
85,80,298.93
85,81,56.79
85,85,0.0
85,93,0.0
85,94,41.24
85,95,245.71
85,96,0.0
85,97,54.41
85,98,211.13
85,99,404.07
85,100,226.36
85,101,56.79
85,102,298.93
85,103,98.53
85,104,133.43
85,105,172.49
85,106,163.18
85,107,279.43
85,108,58.29
85,109,0.0
85,110,404.07
85,112,491.54
85,113,182.36
85,114,124.55
85,115,557.87
85,116,98.53
85,117,0.0
85,118,56.79
85,119,211.13
85,120,226.36
85,121,182.36
85,122,54.41
85,123,226.36
93,0,58.29
93,1,557.87
93,2,0.0
93,8,67.37
93,10,56.79
93,11,98.53
93,12,182.36
93,13,54.41
93,14,491.54
93,15,133.43
93,16,163.18
93,17,279.43
93,18,172.49
93,19,124.55
93,20,112.15
93,22,41.24
93,23,226.36
93,24,211.13
93,39,133.43
93,40,172.49
93,41,279.43
93,42,163.18
93,43,491.54
93,49,298.93
93,50,172.49
93,52,172.49
93,53,279.43
93,55,98.53
93,56,133.43
93,57,182.36
93,58,163.18
93,59,404.07
93,60,0.0
93,61,54.41
93,63,279.43
93,64,182.36
93,65,163.18
93,66,557.87
93,67,245.71
93,68,56.79
93,69,133.43
93,70,338.59
93,71,298.93
93,72,491.54
93,73,98.53
93,74,124.55
93,75,112.15
93,76,66.59
93,78,338.59
93,79,226.36
93,80,298.93
93,81,56.79
93,85,0.0
93,93,0.0
93,94,41.24
93,95,245.71
93,96,0.0
93,97,54.41
93,98,211.13
93,99,404.07
93,100,226.36
93,101,56.79
93,102,298.93
93,103,98.53
93,104,133.43
93,105,172.49
93,106,163.18
93,107,279.43
93,108,58.29
93,109,0.0
93,110,404.07
93,112,491.54
93,113,182.36
93,114,124.55
93,115,557.87
93,116,98.53
93,117,0.0
93,118,56.79
93,119,211.13
93,120,226.36
93,121,182.36
93,122,54.41
93,123,226.36
94,0,81.22
94,1,571.82
94,2,41.24
94,8,85.69
94,10,90.53
94,11,102.01
94,12,222.85
94,13,82.25
94,14,512.82
94,15,122.8
94,16,148.5
94,17,261.38
94,18,139.54
94,19,152.91
94,20,151.12
94,22,27.0
94,23,265.63
94,24,184.38
94,39,122.8
94,40,139.54
94,41,261.38
94,42,148.5
94,43,512.82
94,49,337.49
94,50,139.54
94,52,139.54
94,53,261.38
94,55,102.01
94,56,122.8
94,57,222.85
94,58,148.5
94,59,434.5
94,60,41.24
94,61,82.25
94,63,261.38
94,64,222.85
94,65,148.5
94,66,571.82
94,67,278.35
94,68,90.53
94,69,122.8
94,70,359.5
94,71,337.49
94,72,512.82
94,73,102.01
94,74,152.91
94,75,151.12
94,76,86.31
94,78,359.5
94,79,265.63
94,80,337.49
94,81,90.53
94,85,41.24
94,93,41.24
94,94,0.0
94,95,278.35
94,96,41.24
94,97,82.25
94,98,184.38
94,99,434.5
94,100,265.63
94,101,90.53
94,102,337.49
94,103,102.01
94,104,122.8
94,105,139.54
94,106,148.5
94,107,261.38
94,108,81.22
94,109,41.24
94,110,434.5
94,112,512.82
94,113,222.85
94,114,152.91
94,115,571.82
94,116,102.01
94,117,41.24
94,118,90.53
94,119,184.38
94,120,265.63
94,121,222.85
94,122,82.25
94,123,265.63
95,0,273.25
95,1,371.9
95,2,245.71
95,8,284.6
95,10,248.54
95,11,325.32
95,12,198.13
95,13,196.11
95,14,275.02
95,15,370.43
95,16,401.89
95,17,517.47
95,18,417.24
95,19,282.37
95,20,218.51
95,22,278.35
95,23,88.86
95,24,456.47
95,39,370.43
95,40,417.24
95,41,517.47
95,42,401.89
95,43,275.02
95,49,101.71
95,50,417.24
95,52,417.24
95,53,517.47
95,55,325.32
95,56,370.43
95,57,198.13
95,58,401.89
95,59,159.77
95,60,245.71
95,61,196.11
95,63,517.47
95,64,198.13
95,65,401.89
95,66,371.9
95,67,8.0
95,68,248.54
95,69,370.43
95,70,143.9
95,71,101.71
95,72,275.02
95,73,325.32
95,74,282.37
95,75,218.51
95,76,281.94
95,78,143.9
95,79,88.86
95,80,101.71
95,81,248.54
95,85,245.71
95,93,245.71
95,94,278.35
95,95,0.0
95,96,245.71
95,97,196.11
95,98,456.47
95,99,159.77
95,100,88.86
95,101,248.54
95,102,101.71
95,103,325.32
95,104,370.43
95,105,417.24
95,106,401.89
95,107,517.47
95,108,273.25
95,109,245.71
95,110,159.77
95,112,275.02
95,113,198.13
95,114,282.37
95,115,371.9
95,116,325.32
95,117,245.71
95,118,248.54
95,119,456.47
95,120,88.86
95,121,198.13
95,122,196.11
95,123,88.86
96,0,58.29
96,1,557.87
96,2,24.0
96,8,67.37
96,10,56.79
96,11,98.53
96,12,182.36
96,13,54.41
96,14,491.54
96,15,133.43
96,16,163.18
96,17,279.43
96,18,172.49
96,19,124.55
96,20,112.15
96,22,41.24
96,23,226.36
96,24,211.13
96,39,133.43
96,40,172.49
96,41,279.43
96,42,163.18
96,43,491.54
96,49,298.93
96,50,172.49
96,52,172.49
96,53,279.43
96,55,98.53
96,56,133.43
96,57,182.36
96,58,163.18
96,59,404.07
96,60,16.0
96,61,54.41
96,63,279.43
96,64,182.36
96,65,163.18
96,66,557.87
96,67,245.71
96,68,56.79
96,69,133.43
96,70,338.59
96,71,298.93
96,72,491.54
96,73,98.53
96,74,124.55
96,75,112.15
96,76,66.59
96,78,338.59
96,79,226.36
96,80,298.93
96,81,56.79
96,85,0.0
96,93,0.0
96,94,41.24
96,95,245.71
96,96,0.0
96,97,54.41
96,98,211.13
96,99,404.07
96,100,226.36
96,101,56.79
96,102,298.93
96,103,98.53
96,104,133.43
96,105,172.49
96,106,163.18
96,107,279.43
96,108,58.29
96,109,18.0
96,110,404.07
96,112,491.54
96,113,182.36
96,114,124.55
96,115,557.87
96,116,98.53
96,117,26.0
96,118,56.79
96,119,211.13
96,120,226.36
96,121,182.36
96,122,54.41
96,123,226.36
97,0,103.69
97,1,504.42
97,2,54.41
97,8,114.73
97,10,89.84
97,11,150.61
97,12,175.5
97,13,14.0
97,14,437.14
97,15,187.73
97,16,217.59
97,17,333.82
97,18,221.51
97,19,155.65
97,20,119.69
97,22,82.25
97,23,189.99
97,24,263.67
97,39,187.73
97,40,221.51
97,41,333.82
97,42,217.59
97,43,437.14
97,49,259.56
97,50,221.51
97,52,221.51
97,53,333.82
97,55,150.61
97,56,187.73
97,57,175.5
97,58,217.59
97,59,352.6
97,60,54.41
97,61,16.0
97,63,333.82
97,64,175.5
97,65,217.59
97,66,504.42
97,67,196.11
97,68,89.84
97,69,187.73
97,70,284.19
97,71,259.56
97,72,437.14
97,73,150.61
97,74,155.65
97,75,119.69
97,76,113.11
97,78,284.19
97,79,189.99
97,80,259.56
97,81,89.84
97,85,54.41
97,93,54.41
97,94,82.25
97,95,196.11
97,96,54.41
97,97,0.0
97,98,263.67
97,99,352.6
97,100,189.99
97,101,89.84
97,102,259.56
97,103,150.61
97,104,187.73
97,105,221.51
97,106,217.59
97,107,333.82
97,108,103.69
97,109,54.41
97,110,352.6
97,112,437.14
97,113,175.5
97,114,155.65
97,115,504.42
97,116,150.61
97,117,54.41
97,118,89.84
97,119,263.67
97,120,189.99
97,121,175.5
97,122,5.0
97,123,189.99
98,0,191.85
98,1,752.03
98,2,211.13
98,8,182.56
98,10,217.79
98,11,146.28
98,12,345.6
98,13,263.67
98,14,697.05
98,15,99.17
98,16,72.99
98,17,93.25
98,18,56.81
98,19,229.23
98,20,274.46
98,22,184.38
98,23,426.44
98,24,29.0
98,39,99.17
98,40,56.81
98,41,93.25
98,42,72.99
98,43,697.05
98,49,500.09
98,50,56.81
98,52,56.81
98,53,93.25
98,55,146.28
98,56,99.17
98,57,345.6
98,58,72.99
98,59,615.19
98,60,211.13
98,61,263.67
98,63,93.25
98,64,345.6
98,65,72.99
98,66,752.03
98,67,456.47
98,68,217.79
98,69,99.17
98,70,543.78
98,71,500.09
98,72,697.05
98,73,146.28
98,74,229.23
98,75,274.46
98,76,185.48
98,78,543.78
98,79,426.44
98,80,500.09
98,81,217.79
98,85,211.13
98,93,211.13
98,94,184.38
98,95,456.47
98,96,211.13
98,97,263.67
98,98,0.0
98,99,615.19
98,100,426.44
98,101,217.79
98,102,500.09
98,103,146.28
98,104,99.17
98,105,56.81
98,106,72.99
98,107,93.25
98,108,191.85
98,109,211.13
98,110,615.19
98,112,697.05
98,113,345.6
98,114,229.23
98,115,752.03
98,116,146.28
98,117,211.13
98,118,217.79
98,119,26.0
98,120,426.44
98,121,345.6
98,122,263.67
98,123,426.44
99,0,432.98
99,1,275.21
99,2,404.07
99,8,444.31
99,10,408.15
99,11,485.03
99,12,339.4
99,13,352.6
99,14,155.39
99,15,530.19
99,16,561.64
99,17,677.23
99,18,574.01
99,19,438.01
99,20,374.06
99,22,434.5
99,23,220.88
99,24,615.19
99,39,530.19
99,40,574.01
99,41,677.23
99,42,561.64
99,43,155.39
99,49,170.48
99,50,574.01
99,52,574.01
99,53,677.23
99,55,485.03
99,56,530.19
99,57,339.4
99,58,561.64
99,59,20.0
99,60,404.07
99,61,352.6
99,63,677.23
99,64,339.4
99,65,561.64
99,66,275.21
99,67,159.77
99,68,408.15
99,69,530.19
99,70,133.52
99,71,170.48
99,72,155.39
99,73,485.03
99,74,438.01
99,75,374.06
99,76,441.63
99,78,133.52
99,79,220.88
99,80,170.48
99,81,408.15
99,85,404.07
99,93,404.07
99,94,434.5
99,95,159.77
99,96,404.07
99,97,352.6
99,98,615.19
99,99,0.0
99,100,220.88
99,101,408.15
99,102,170.48
99,103,485.03
99,104,530.19
99,105,574.01
99,106,561.64
99,107,677.23
99,108,432.98
99,109,404.07
99,110,16.0
99,112,155.39
99,113,339.4
99,114,438.01
99,115,275.21
99,116,485.03
99,117,404.07
99,118,408.15
99,119,615.19
99,120,220.88
99,121,339.4
99,122,352.6
99,123,220.88
100,0,234.88
100,1,458.29
100,2,226.36
100,8,244.86
100,10,208.85
100,11,284.21
100,12,118.6
100,13,189.99
100,14,355.68
100,15,332.04
100,16,363.31
100,17,474.34
100,18,396.22
100,19,222.95
100,20,160.76
100,22,265.63
100,23,7.0
100,24,426.44
100,39,332.04
100,40,396.22
100,41,474.34
100,42,363.31
100,43,355.68
100,49,73.66
100,50,396.22
100,52,396.22
100,53,474.34
100,55,284.21
100,56,332.04
100,57,118.6
100,58,363.31
100,59,220.88
100,60,226.36
100,61,189.99
100,63,474.34
100,64,118.6
100,65,363.31
100,66,458.29
100,67,88.86
100,68,208.85
100,69,332.04
100,70,232.52
100,71,73.66
100,72,355.68
100,73,284.21
100,74,222.95
100,75,160.76
100,76,241.96
100,78,232.52
100,79,26.0
100,80,73.66
100,81,208.85
100,85,226.36
100,93,226.36
100,94,265.63
100,95,88.86
100,96,226.36
100,97,189.99
100,98,426.44
100,99,220.88
100,100,0.0
100,101,208.85
100,102,73.66
100,103,284.21
100,104,332.04
100,105,396.22
100,106,363.31
100,107,474.34
100,108,234.88
100,109,226.36
100,110,220.88
100,112,355.68
100,113,118.6
100,114,222.95
100,115,458.29
100,116,284.21
100,117,226.36
100,118,208.85
100,119,426.44
100,120,25.0
100,121,118.6
100,122,189.99
100,123,28.0
101,0,26.03
101,1,586.64
101,2,56.79
101,8,36.52
101,10,21.0
101,11,77.09
101,12,138.66
101,13,89.84
101,14,510.75
101,15,123.86
101,16,155.39
101,17,269.46
101,18,192.18
101,19,68.61
101,20,64.16
101,22,90.53
101,23,208.85
101,24,217.79
101,39,123.86
101,40,192.18
101,41,269.46
101,42,155.39
101,43,510.75
101,49,282.44
101,50,192.18
101,52,192.18
101,53,269.46
101,55,77.09
101,56,123.86
101,57,138.66
101,58,155.39
101,59,408.15
101,60,56.79
101,61,89.84
101,63,269.46
101,64,138.66
101,65,155.39
101,66,586.64
101,67,248.54
101,68,13.0
101,69,123.86
101,70,360.41
101,71,282.44
101,72,510.75
101,73,77.09
101,74,68.61
101,75,64.16
101,76,33.72
101,78,360.41
101,79,208.85
101,80,282.44
101,81,25.0
101,85,56.79
101,93,56.79
101,94,90.53
101,95,248.54
101,96,56.79
101,97,89.84
101,98,217.79
101,99,408.15
101,100,208.85
101,101,0.0
101,102,282.44
101,103,77.09
101,104,123.86
101,105,192.18
101,106,155.39
101,107,269.46
101,108,26.03
101,109,56.79
101,110,408.15
101,112,510.75
101,113,138.66
101,114,68.61
101,115,586.64
101,116,77.09
101,117,56.79
101,118,22.0
101,119,217.79
101,120,208.85
101,121,138.66
101,122,89.84
101,123,208.85
102,0,308.46
102,1,431.92
102,2,298.93
102,8,318.35
102,10,282.44
102,11,357.47
102,12,180.22
102,13,259.56
102,14,319.47
102,15,405.4
102,16,436.59
102,17,546.76
102,18,469.58
102,19,292.98
102,20,232.41
102,22,337.49
102,23,73.66
102,24,500.09
102,39,405.4
102,40,469.58
102,41,546.76
102,42,436.59
102,43,319.47
102,49,8.0
102,50,469.58
102,52,469.58
102,53,546.76
102,55,357.47
102,56,405.4
102,57,180.22
102,58,436.59
102,59,170.48
102,60,298.93
102,61,259.56
102,63,546.76
102,64,180.22
102,65,436.59
102,66,431.92
102,67,101.71
102,68,282.44
102,69,405.4
102,70,223.1
102,71,11.0
102,72,319.47
102,73,357.47
102,74,292.98
102,75,232.41
102,76,315.44
102,78,223.1
102,79,73.66
102,80,27.0
102,81,282.44
102,85,298.93
102,93,298.93
102,94,337.49
102,95,101.71
102,96,298.93
102,97,259.56
102,98,500.09
102,99,170.48
102,100,73.66
102,101,282.44
102,102,0.0
102,103,357.47
102,104,405.4
102,105,469.58
102,106,436.59
102,107,546.76
102,108,308.46
102,109,298.93
102,110,170.48
102,112,319.47
102,113,180.22
102,114,292.98
102,115,431.92
102,116,357.47
102,117,298.93
102,118,282.44
102,119,500.09
102,120,73.66
102,121,180.22
102,122,259.56
102,123,73.66
103,0,52.12
103,1,654.94
103,2,98.53
103,8,40.72
103,10,77.09
103,11,22.0
103,12,199.48
103,13,150.61
103,14,584.08
103,15,48.12
103,16,79.12
103,17,192.38
103,18,133.22
103,19,86.95
103,20,128.42
103,22,102.01
103,23,284.21
103,24,146.28
103,39,48.12
103,40,133.22
103,41,192.38
103,42,79.12
103,43,584.08
103,49,357.47
103,50,133.22
103,52,133.22
103,53,192.38
103,55,28.0
103,56,48.12
103,57,199.48
103,58,79.12
103,59,485.03
103,60,98.53
103,61,150.61
103,63,192.38
103,64,199.48
103,65,79.12
103,66,654.94
103,67,325.32
103,68,77.09
103,69,48.12
103,70,432.29
103,71,357.47
103,72,584.08
103,73,10.0
103,74,86.95
103,75,128.42
103,76,43.43
103,78,432.29
103,79,284.21
103,80,357.47
103,81,77.09
103,85,98.53
103,93,98.53
103,94,102.01
103,95,325.32
103,96,98.53
103,97,150.61
103,98,146.28
103,99,485.03
103,100,284.21
103,101,77.09
103,102,357.47
103,103,0.0
103,104,48.12
103,105,133.22
103,106,79.12
103,107,192.38
103,108,52.12
103,109,98.53
103,110,485.03
103,112,584.08
103,113,199.48
103,114,86.95
103,115,654.94
103,116,18.0
103,117,98.53
103,118,77.09
103,119,146.28
103,120,284.21
103,121,199.48
103,122,150.61
103,123,284.21
104,0,98.06
104,1,690.73
104,2,133.43
104,8,87.41
104,10,123.86
104,11,48.12
104,12,246.59
104,13,187.73
104,14,624.51
104,15,19.0
104,16,31.57
104,17,147.46
104,18,96.19
104,19,130.38
104,20,176.41
104,22,122.8
104,23,332.04
104,24,99.17
104,39,20.0
104,40,96.19
104,41,147.46
104,42,31.57
104,43,624.51
104,49,405.4
104,50,96.19
104,52,96.19
104,53,147.46
104,55,48.12
104,56,28.0
104,57,246.59
104,58,31.57
104,59,530.19
104,60,133.43
104,61,187.73
104,63,147.46
104,64,246.59
104,65,31.57
104,66,690.73
104,67,370.43
104,68,123.86
104,69,15.0
104,70,471.81
104,71,405.4
104,72,624.51
104,73,48.12
104,74,130.38
104,75,176.41
104,76,90.27
104,78,471.81
104,79,332.04
104,80,405.4
104,81,123.86
104,85,133.43
104,93,133.43
104,94,122.8
104,95,370.43
104,96,133.43
104,97,187.73
104,98,99.17
104,99,530.19
104,100,332.04
104,101,123.86
104,102,405.4
104,103,48.12
104,104,0.0
104,105,96.19
104,106,31.57
104,107,147.46
104,108,98.06
104,109,133.43
104,110,530.19
104,112,624.51
104,113,246.59
104,114,130.38
104,115,690.73
104,116,48.12
104,117,133.43
104,118,123.86
104,119,99.17
104,120,332.04
104,121,246.59
104,122,187.73
104,123,332.04
105,0,167.72
105,1,699.46
105,2,172.49
105,8,160.92
105,10,192.18
105,11,133.22
105,12,328.14
105,13,221.51
105,14,648.53
105,15,96.19
105,16,86.15
105,17,149.55
105,18,17.0
105,19,220.17
105,20,254.12
105,22,139.54
105,23,396.22
105,24,56.81
105,39,96.19
105,40,20.0
105,41,149.55
105,42,86.15
105,43,648.53
105,49,469.58
105,50,10.0
105,52,8.0
105,53,149.55
105,55,133.22
105,56,96.19
105,57,328.14
105,58,86.15
105,59,574.01
105,60,172.49
105,61,221.51
105,63,149.55
105,64,328.14
105,65,86.15
105,66,699.46
105,67,417.24
105,68,192.18
105,69,96.19
105,70,495.66
105,71,469.58
105,72,648.53
105,73,133.22
105,74,220.17
105,75,254.12
105,76,163.69
105,78,495.66
105,79,396.22
105,80,469.58
105,81,192.18
105,85,172.49
105,93,172.49
105,94,139.54
105,95,417.24
105,96,172.49
105,97,221.51
105,98,56.81
105,99,574.01
105,100,396.22
105,101,192.18
105,102,469.58
105,103,133.22
105,104,96.19
105,105,0.0
105,106,86.15
105,107,149.55
105,108,167.72
105,109,172.49
105,110,574.01
105,112,648.53
105,113,328.14
105,114,220.17
105,115,699.46
105,116,133.22
105,117,172.49
105,118,192.18
105,119,56.81
105,120,396.22
105,121,328.14
105,122,221.51
105,123,396.22
106,0,129.62
106,1,719.13
106,2,163.18
106,8,118.9
106,10,155.39
106,11,79.12
106,12,275.58
106,13,217.59
106,14,654.69
106,15,31.57
106,16,20.0
106,17,116.5
106,18,86.15
106,19,157.38
106,20,206.7
106,22,148.5
106,23,363.31
106,24,72.99
106,39,31.57
106,40,86.15
106,41,116.5
106,42,19.0
106,43,654.69
106,49,436.59
106,50,86.15
106,52,86.15
106,53,116.5
106,55,79.12
106,56,31.57
106,57,275.58
106,58,28.0
106,59,561.64
106,60,163.18
106,61,217.59
106,63,116.5
106,64,275.58
106,65,21.0
106,66,719.13
106,67,401.89
106,68,155.39
106,69,31.57
106,70,501.77
106,71,436.59
106,72,654.69
106,73,79.12
106,74,157.38
106,75,206.7
106,76,121.75
106,78,501.77
106,79,363.31
106,80,436.59
106,81,155.39
106,85,163.18
106,93,163.18
106,94,148.5
106,95,401.89
106,96,163.18
106,97,217.59
106,98,72.99
106,99,561.64
106,100,363.31
106,101,155.39
106,102,436.59
106,103,79.12
106,104,31.57
106,105,86.15
106,106,0.0
106,107,116.5
106,108,129.62
106,109,163.18
106,110,561.64
106,112,654.69
106,113,275.58
106,114,157.38
106,115,719.13
106,116,79.12
106,117,163.18
106,118,155.39
106,119,72.99
106,120,363.31
106,121,275.58
106,122,217.59
106,123,363.31
107,0,244.29
107,1,833.2
107,2,279.43
107,8,233.07
107,10,269.46
107,11,192.38
107,12,377.21
107,13,333.82
107,14,770.95
107,15,147.46
107,16,116.5
107,17,20.0
107,18,149.55
107,19,257.08
107,20,314.46
107,22,261.38
107,23,474.34
107,24,93.25
107,39,147.46
107,40,149.55
107,41,21.0
107,42,116.5
107,43,770.95
107,49,546.76
107,50,149.55
107,52,149.55
107,53,9.0
107,55,192.38
107,56,147.46
107,57,377.21
107,58,116.5
107,59,677.23
107,60,279.43
107,61,333.82
107,63,24.0
107,64,377.21
107,65,116.5
107,66,833.2
107,67,517.47
107,68,269.46
107,69,147.46
107,70,617.9
107,71,546.76
107,72,770.95
107,73,192.38
107,74,257.08
107,75,314.46
107,76,235.8
107,78,617.9
107,79,474.34
107,80,546.76
107,81,269.46
107,85,279.43
107,93,279.43
107,94,261.38
107,95,517.47
107,96,279.43
107,97,333.82
107,98,93.25
107,99,677.23
107,100,474.34
107,101,269.46
107,102,546.76
107,103,192.38
107,104,147.46
107,105,149.55
107,106,116.5
107,107,0.0
107,108,244.29
107,109,279.43
107,110,677.23
107,112,770.95
107,113,377.21
107,114,257.08
107,115,833.2
107,116,192.38
107,117,279.43
107,118,269.46
107,119,93.25
107,120,474.34
107,121,377.21
107,122,333.82
107,123,474.34
108,0,13.0
108,1,606.03
108,2,58.29
108,8,11.69
108,10,26.03
108,11,52.12
108,12,161.02
108,13,103.69
108,14,532.85
108,15,98.06
108,16,129.62
108,17,244.29
108,18,167.72
108,19,71.84
108,20,86.57
108,22,81.22
108,23,234.88
108,24,191.85
108,39,98.06
108,40,167.72
108,41,244.29
108,42,129.62
108,43,532.85
108,49,308.46
108,50,167.72
108,52,167.72
108,53,244.29
108,55,52.12
108,56,98.06
108,57,161.02
108,58,129.62
108,59,432.98
108,60,58.29
108,61,103.69
108,63,244.29
108,64,161.02
108,65,129.62
108,66,606.03
108,67,273.25
108,68,26.03
108,69,98.06
108,70,381.6
108,71,308.46
108,72,532.85
108,73,52.12
108,74,71.84
108,75,86.57
108,76,9.53
108,78,381.6
108,79,234.88
108,80,308.46
108,81,26.03
108,85,58.29
108,93,58.29
108,94,81.22
108,95,273.25
108,96,58.29
108,97,103.69
108,98,191.85
108,99,432.98
108,100,234.88
108,101,26.03
108,102,308.46
108,103,52.12
108,104,98.06
108,105,167.72
108,106,129.62
108,107,244.29
108,108,0.0
108,109,58.29
108,110,432.98
108,112,532.85
108,113,161.02
108,114,71.84
108,115,606.03
108,116,52.12
108,117,58.29
108,118,26.03
108,119,191.85
108,120,234.88
108,121,161.02
108,122,103.69
108,123,234.88
109,0,58.29
109,1,557.87
109,2,12.0
109,8,67.37
109,10,56.79
109,11,98.53
109,12,182.36
109,13,54.41
109,14,491.54
109,15,133.43
109,16,163.18
109,17,279.43
109,18,172.49
109,19,124.55
109,20,112.15
109,22,41.24
109,23,226.36
109,24,211.13
109,39,133.43
109,40,172.49
109,41,279.43
109,42,163.18
109,43,491.54
109,49,298.93
109,50,172.49
109,52,172.49
109,53,279.43
109,55,98.53
109,56,133.43
109,57,182.36
109,58,163.18
109,59,404.07
109,60,29.0
109,61,54.41
109,63,279.43
109,64,182.36
109,65,163.18
109,66,557.87
109,67,245.71
109,68,56.79
109,69,133.43
109,70,338.59
109,71,298.93
109,72,491.54
109,73,98.53
109,74,124.55
109,75,112.15
109,76,66.59
109,78,338.59
109,79,226.36
109,80,298.93
109,81,56.79
109,85,0.0
109,93,0.0
109,94,41.24
109,95,245.71
109,96,18.0
109,97,54.41
109,98,211.13
109,99,404.07
109,100,226.36
109,101,56.79
109,102,298.93
109,103,98.53
109,104,133.43
109,105,172.49
109,106,163.18
109,107,279.43
109,108,58.29
109,109,0.0
109,110,404.07
109,112,491.54
109,113,182.36
109,114,124.55
109,115,557.87
109,116,98.53
109,117,13.0
109,118,56.79
109,119,211.13
109,120,226.36
109,121,182.36
109,122,54.41
109,123,226.36
110,0,432.98
110,1,275.21
110,2,404.07
110,8,444.31
110,10,408.15
110,11,485.03
110,12,339.4
110,13,352.6
110,14,155.39
110,15,530.19
110,16,561.64
110,17,677.23
110,18,574.01
110,19,438.01
110,20,374.06
110,22,434.5
110,23,220.88
110,24,615.19
110,39,530.19
110,40,574.01
110,41,677.23
110,42,561.64
110,43,155.39
110,49,170.48
110,50,574.01
110,52,574.01
110,53,677.23
110,55,485.03
110,56,530.19
110,57,339.4
110,58,561.64
110,59,6.0
110,60,404.07
110,61,352.6
110,63,677.23
110,64,339.4
110,65,561.64
110,66,275.21
110,67,159.77
110,68,408.15
110,69,530.19
110,70,133.52
110,71,170.48
110,72,155.39
110,73,485.03
110,74,438.01
110,75,374.06
110,76,441.63
110,78,133.52
110,79,220.88
110,80,170.48
110,81,408.15
110,85,404.07
110,93,404.07
110,94,434.5
110,95,159.77
110,96,404.07
110,97,352.6
110,98,615.19
110,99,16.0
110,100,220.88
110,101,408.15
110,102,170.48
110,103,485.03
110,104,530.19
110,105,574.01
110,106,561.64
110,107,677.23
110,108,432.98
110,109,404.07
110,110,0.0
110,112,155.39
110,113,339.4
110,114,438.01
110,115,275.21
110,116,485.03
110,117,404.07
110,118,408.15
110,119,615.19
110,120,220.88
110,121,339.4
110,122,352.6
110,123,220.88
112,0,532.85
112,1,122.16
112,2,491.54
112,8,544.54
112,10,510.75
112,11,584.08
112,12,471.9
112,13,437.14
112,14,28.0
112,15,624.51
112,16,654.69
112,17,770.95
112,18,648.53
112,19,554.08
112,20,491.11
112,22,512.82
112,23,355.68
112,24,697.05
112,39,624.51
112,40,648.53
112,41,770.95
112,42,654.69
112,43,24.0
112,49,319.47
112,50,648.53
112,52,648.53
112,53,770.95
112,55,584.08
112,56,624.51
112,57,471.9
112,58,654.69
112,59,155.39
112,60,491.54
112,61,437.14
112,63,770.95
112,64,471.9
112,65,654.69
112,66,122.16
112,67,275.02
112,68,510.75
112,69,624.51
112,70,153.33
112,71,319.47
112,72,20.0
112,73,584.08
112,74,554.08
112,75,491.11
112,76,542.22
112,78,153.33
112,79,355.68
112,80,319.47
112,81,510.75
112,85,491.54
112,93,491.54
112,94,512.82
112,95,275.02
112,96,491.54
112,97,437.14
112,98,697.05
112,99,155.39
112,100,355.68
112,101,510.75
112,102,319.47
112,103,584.08
112,104,624.51
112,105,648.53
112,106,654.69
112,107,770.95
112,108,532.85
112,109,491.54
112,110,155.39
112,112,0.0
112,113,471.9
112,114,554.08
112,115,122.16
112,116,584.08
112,117,491.54
112,118,510.75
112,119,697.05
112,120,355.68
112,121,471.9
112,122,437.14
112,123,355.68
113,0,161.02
113,1,569.55
113,2,182.36
113,8,167.22
113,10,138.66
113,11,199.48
113,12,6.0
113,13,175.5
113,14,471.9
113,15,246.59
113,16,275.58
113,17,377.21
113,18,328.14
113,19,120.25
113,20,74.63
113,22,222.85
113,23,118.6
113,24,345.6
113,39,246.59
113,40,328.14
113,41,377.21
113,42,275.58
113,43,471.9
113,49,180.22
113,50,328.14
113,52,328.14
113,53,377.21
113,55,199.48
113,56,246.59
113,57,11.0
113,58,275.58
113,59,339.4
113,60,182.36
113,61,175.5
113,63,377.21
113,64,29.0
113,65,275.58
113,66,569.55
113,67,198.13
113,68,138.66
113,69,246.59
113,70,339.32
113,71,180.22
113,72,471.9
113,73,199.48
113,74,120.25
113,75,74.63
113,76,164.46
113,78,339.32
113,79,118.6
113,80,180.22
113,81,138.66
113,85,182.36
113,93,182.36
113,94,222.85
113,95,198.13
113,96,182.36
113,97,175.5
113,98,345.6
113,99,339.4
113,100,118.6
113,101,138.66
113,102,180.22
113,103,199.48
113,104,246.59
113,105,328.14
113,106,275.58
113,107,377.21
113,108,161.02
113,109,182.36
113,110,339.4
113,112,471.9
113,113,0.0
113,114,120.25
113,115,569.55
113,116,199.48
113,117,182.36
113,118,138.66
113,119,345.6
113,120,118.6
113,121,13.0
113,122,175.5
113,123,118.6
114,0,71.84
114,1,638.0
114,2,124.55
114,8,69.99
114,10,68.61
114,11,86.95
114,12,120.25
114,13,155.65
114,14,554.08
114,15,130.38
114,16,157.38
114,17,257.08
114,18,220.17
114,19,25.0
114,20,64.01
114,22,152.91
114,23,222.95
114,24,229.23
114,39,130.38
114,40,220.17
114,41,257.08
114,42,157.38
114,43,554.08
114,49,292.98
114,50,220.17
114,52,220.17
114,53,257.08
114,55,86.95
114,56,130.38
114,57,120.25
114,58,157.38
114,59,438.01
114,60,124.55
114,61,155.65
114,63,257.08
114,64,120.25
114,65,157.38
114,66,638.0
114,67,282.37
114,68,68.61
114,69,130.38
114,70,408.13
114,71,292.98
114,72,554.08
114,73,86.95
114,74,20.0
114,75,64.01
114,76,68.44
114,78,408.13
114,79,222.95
114,80,292.98
114,81,68.61
114,85,124.55
114,93,124.55
114,94,152.91
114,95,282.37
114,96,124.55
114,97,155.65
114,98,229.23
114,99,438.01
114,100,222.95
114,101,68.61
114,102,292.98
114,103,86.95
114,104,130.38
114,105,220.17
114,106,157.38
114,107,257.08
114,108,71.84
114,109,124.55
114,110,438.01
114,112,554.08
114,113,120.25
114,114,0.0
114,115,638.0
114,116,86.95
114,117,124.55
114,118,68.61
114,119,229.23
114,120,222.95
114,121,120.25
114,122,155.65
114,123,222.95
115,0,606.03
115,1,19.0
115,2,557.87
115,8,617.55
115,10,586.64
115,11,654.94
115,12,569.55
115,13,504.42
115,14,122.16
115,15,690.73
115,16,719.13
115,17,833.2
115,18,699.46
115,19,638.0
115,20,577.56
115,22,571.82
115,23,458.29
115,24,752.03
115,39,690.73
115,40,699.46
115,41,833.2
115,42,719.13
115,43,122.16
115,49,431.92
115,50,699.46
115,52,699.46
115,53,833.2
115,55,654.94
115,56,690.73
115,57,569.55
115,58,719.13
115,59,275.21
115,60,557.87
115,61,504.42
115,63,833.2
115,64,569.55
115,65,719.13
115,66,29.0
115,67,371.9
115,68,586.64
115,69,690.73
115,70,231.32
115,71,431.92
115,72,122.16
115,73,654.94
115,74,638.0
115,75,577.56
115,76,615.56
115,78,231.32
115,79,458.29
115,80,431.92
115,81,586.64
115,85,557.87
115,93,557.87
115,94,571.82
115,95,371.9
115,96,557.87
115,97,504.42
115,98,752.03
115,99,275.21
115,100,458.29
115,101,586.64
115,102,431.92
115,103,654.94
115,104,690.73
115,105,699.46
115,106,719.13
115,107,833.2
115,108,606.03
115,109,557.87
115,110,275.21
115,112,122.16
115,113,569.55
115,114,638.0
115,115,0.0
115,116,654.94
115,117,557.87
115,118,586.64
115,119,752.03
115,120,458.29
115,121,569.55
115,122,504.42
115,123,458.29
116,0,52.12
116,1,654.94
116,2,98.53
116,8,40.72
116,10,77.09
116,11,10.0
116,12,199.48
116,13,150.61
116,14,584.08
116,15,48.12
116,16,79.12
116,17,192.38
116,18,133.22
116,19,86.95
116,20,128.42
116,22,102.01
116,23,284.21
116,24,146.28
116,39,48.12
116,40,133.22
116,41,192.38
116,42,79.12
116,43,584.08
116,49,357.47
116,50,133.22
116,52,133.22
116,53,192.38
116,55,16.0
116,56,48.12
116,57,199.48
116,58,79.12
116,59,485.03
116,60,98.53
116,61,150.61
116,63,192.38
116,64,199.48
116,65,79.12
116,66,654.94
116,67,325.32
116,68,77.09
116,69,48.12
116,70,432.29
116,71,357.47
116,72,584.08
116,73,23.0
116,74,86.95
116,75,128.42
116,76,43.43
116,78,432.29
116,79,284.21
116,80,357.47
116,81,77.09
116,85,98.53
116,93,98.53
116,94,102.01
116,95,325.32
116,96,98.53
116,97,150.61
116,98,146.28
116,99,485.03
116,100,284.21
116,101,77.09
116,102,357.47
116,103,18.0
116,104,48.12
116,105,133.22
116,106,79.12
116,107,192.38
116,108,52.12
116,109,98.53
116,110,485.03
116,112,584.08
116,113,199.48
116,114,86.95
116,115,654.94
116,116,0.0
116,117,98.53
116,118,77.09
116,119,146.28
116,120,284.21
116,121,199.48
116,122,150.61
116,123,284.21
117,0,58.29
117,1,557.87
117,2,20.0
117,8,67.37
117,10,56.79
117,11,98.53
117,12,182.36
117,13,54.41
117,14,491.54
117,15,133.43
117,16,163.18
117,17,279.43
117,18,172.49
117,19,124.55
117,20,112.15
117,22,41.24
117,23,226.36
117,24,211.13
117,39,133.43
117,40,172.49
117,41,279.43
117,42,163.18
117,43,491.54
117,49,298.93
117,50,172.49
117,52,172.49
117,53,279.43
117,55,98.53
117,56,133.43
117,57,182.36
117,58,163.18
117,59,404.07
117,60,12.0
117,61,54.41
117,63,279.43
117,64,182.36
117,65,163.18
117,66,557.87
117,67,245.71
117,68,56.79
117,69,133.43
117,70,338.59
117,71,298.93
117,72,491.54
117,73,98.53
117,74,124.55
117,75,112.15
117,76,66.59
117,78,338.59
117,79,226.36
117,80,298.93
117,81,56.79
117,85,0.0
117,93,0.0
117,94,41.24
117,95,245.71
117,96,26.0
117,97,54.41
117,98,211.13
117,99,404.07
117,100,226.36
117,101,56.79
117,102,298.93
117,103,98.53
117,104,133.43
117,105,172.49
117,106,163.18
117,107,279.43
117,108,58.29
117,109,13.0
117,110,404.07
117,112,491.54
117,113,182.36
117,114,124.55
117,115,557.87
117,116,98.53
117,117,0.0
117,118,56.79
117,119,211.13
117,120,226.36
117,121,182.36
117,122,54.41
117,123,226.36
118,0,26.03
118,1,586.64
118,2,56.79
118,8,36.52
118,10,13.0
118,11,77.09
118,12,138.66
118,13,89.84
118,14,510.75
118,15,123.86
118,16,155.39
118,17,269.46
118,18,192.18
118,19,68.61
118,20,64.16
118,22,90.53
118,23,208.85
118,24,217.79
118,39,123.86
118,40,192.18
118,41,269.46
118,42,155.39
118,43,510.75
118,49,282.44
118,50,192.18
118,52,192.18
118,53,269.46
118,55,77.09
118,56,123.86
118,57,138.66
118,58,155.39
118,59,408.15
118,60,56.79
118,61,89.84
118,63,269.46
118,64,138.66
118,65,155.39
118,66,586.64
118,67,248.54
118,68,5.0
118,69,123.86
118,70,360.41
118,71,282.44
118,72,510.75
118,73,77.09
118,74,68.61
118,75,64.16
118,76,33.72
118,78,360.41
118,79,208.85
118,80,282.44
118,81,17.0
118,85,56.79
118,93,56.79
118,94,90.53
118,95,248.54
118,96,56.79
118,97,89.84
118,98,217.79
118,99,408.15
118,100,208.85
118,101,22.0
118,102,282.44
118,103,77.09
118,104,123.86
118,105,192.18
118,106,155.39
118,107,269.46
118,108,26.03
118,109,56.79
118,110,408.15
118,112,510.75
118,113,138.66
118,114,68.61
118,115,586.64
118,116,77.09
118,117,56.79
118,118,0.0
118,119,217.79
118,120,208.85
118,121,138.66
118,122,89.84
118,123,208.85
119,0,191.85
119,1,752.03
119,2,211.13
119,8,182.56
119,10,217.79
119,11,146.28
119,12,345.6
119,13,263.67
119,14,697.05
119,15,99.17
119,16,72.99
119,17,93.25
119,18,56.81
119,19,229.23
119,20,274.46
119,22,184.38
119,23,426.44
119,24,25.0
119,39,99.17
119,40,56.81
119,41,93.25
119,42,72.99
119,43,697.05
119,49,500.09
119,50,56.81
119,52,56.81
119,53,93.25
119,55,146.28
119,56,99.17
119,57,345.6
119,58,72.99
119,59,615.19
119,60,211.13
119,61,263.67
119,63,93.25
119,64,345.6
119,65,72.99
119,66,752.03
119,67,456.47
119,68,217.79
119,69,99.17
119,70,543.78
119,71,500.09
119,72,697.05
119,73,146.28
119,74,229.23
119,75,274.46
119,76,185.48
119,78,543.78
119,79,426.44
119,80,500.09
119,81,217.79
119,85,211.13
119,93,211.13
119,94,184.38
119,95,456.47
119,96,211.13
119,97,263.67
119,98,26.0
119,99,615.19
119,100,426.44
119,101,217.79
119,102,500.09
119,103,146.28
119,104,99.17
119,105,56.81
119,106,72.99
119,107,93.25
119,108,191.85
119,109,211.13
119,110,615.19
119,112,697.05
119,113,345.6
119,114,229.23
119,115,752.03
119,116,146.28
119,117,211.13
119,118,217.79
119,119,0.0
119,120,426.44
119,121,345.6
119,122,263.67
119,123,426.44
120,0,234.88
120,1,458.29
120,2,226.36
120,8,244.86
120,10,208.85
120,11,284.21
120,12,118.6
120,13,189.99
120,14,355.68
120,15,332.04
120,16,363.31
120,17,474.34
120,18,396.22
120,19,222.95
120,20,160.76
120,22,265.63
120,23,27.0
120,24,426.44
120,39,332.04
120,40,396.22
120,41,474.34
120,42,363.31
120,43,355.68
120,49,73.66
120,50,396.22
120,52,396.22
120,53,474.34
120,55,284.21
120,56,332.04
120,57,118.6
120,58,363.31
120,59,220.88
120,60,226.36
120,61,189.99
120,63,474.34
120,64,118.6
120,65,363.31
120,66,458.29
120,67,88.86
120,68,208.85
120,69,332.04
120,70,232.52
120,71,73.66
120,72,355.68
120,73,284.21
120,74,222.95
120,75,160.76
120,76,241.96
120,78,232.52
120,79,21.0
120,80,73.66
120,81,208.85
120,85,226.36
120,93,226.36
120,94,265.63
120,95,88.86
120,96,226.36
120,97,189.99
120,98,426.44
120,99,220.88
120,100,25.0
120,101,208.85
120,102,73.66
120,103,284.21
120,104,332.04
120,105,396.22
120,106,363.31
120,107,474.34
120,108,234.88
120,109,226.36
120,110,220.88
120,112,355.68
120,113,118.6
120,114,222.95
120,115,458.29
120,116,284.21
120,117,226.36
120,118,208.85
120,119,426.44
120,120,0.0
120,121,118.6
120,122,189.99
120,123,8.0
121,0,161.02
121,1,569.55
121,2,182.36
121,8,167.22
121,10,138.66
121,11,199.48
121,12,14.0
121,13,175.5
121,14,471.9
121,15,246.59
121,16,275.58
121,17,377.21
121,18,328.14
121,19,120.25
121,20,74.63
121,22,222.85
121,23,118.6
121,24,345.6
121,39,246.59
121,40,328.14
121,41,377.21
121,42,275.58
121,43,471.9
121,49,180.22
121,50,328.14
121,52,328.14
121,53,377.21
121,55,199.48
121,56,246.59
121,57,19.0
121,58,275.58
121,59,339.4
121,60,182.36
121,61,175.5
121,63,377.21
121,64,12.0
121,65,275.58
121,66,569.55
121,67,198.13
121,68,138.66
121,69,246.59
121,70,339.32
121,71,180.22
121,72,471.9
121,73,199.48
121,74,120.25
121,75,74.63
121,76,164.46
121,78,339.32
121,79,118.6
121,80,180.22
121,81,138.66
121,85,182.36
121,93,182.36
121,94,222.85
121,95,198.13
121,96,182.36
121,97,175.5
121,98,345.6
121,99,339.4
121,100,118.6
121,101,138.66
121,102,180.22
121,103,199.48
121,104,246.59
121,105,328.14
121,106,275.58
121,107,377.21
121,108,161.02
121,109,182.36
121,110,339.4
121,112,471.9
121,113,13.0
121,114,120.25
121,115,569.55
121,116,199.48
121,117,182.36
121,118,138.66
121,119,345.6
121,120,118.6
121,121,0.0
121,122,175.5
121,123,118.6
122,0,103.69
122,1,504.42
122,2,54.41
122,8,114.73
122,10,89.84
122,11,150.61
122,12,175.5
122,13,14.0
122,14,437.14
122,15,187.73
122,16,217.59
122,17,333.82
122,18,221.51
122,19,155.65
122,20,119.69
122,22,82.25
122,23,189.99
122,24,263.67
122,39,187.73
122,40,221.51
122,41,333.82
122,42,217.59
122,43,437.14
122,49,259.56
122,50,221.51
122,52,221.51
122,53,333.82
122,55,150.61
122,56,187.73
122,57,175.5
122,58,217.59
122,59,352.6
122,60,54.41
122,61,16.0
122,63,333.82
122,64,175.5
122,65,217.59
122,66,504.42
122,67,196.11
122,68,89.84
122,69,187.73
122,70,284.19
122,71,259.56
122,72,437.14
122,73,150.61
122,74,155.65
122,75,119.69
122,76,113.11
122,78,284.19
122,79,189.99
122,80,259.56
122,81,89.84
122,85,54.41
122,93,54.41
122,94,82.25
122,95,196.11
122,96,54.41
122,97,5.0
122,98,263.67
122,99,352.6
122,100,189.99
122,101,89.84
122,102,259.56
122,103,150.61
122,104,187.73
122,105,221.51
122,106,217.59
122,107,333.82
122,108,103.69
122,109,54.41
122,110,352.6
122,112,437.14
122,113,175.5
122,114,155.65
122,115,504.42
122,116,150.61
122,117,54.41
122,118,89.84
122,119,263.67
122,120,189.99
122,121,175.5
122,122,0.0
122,123,189.99
123,0,234.88
123,1,458.29
123,2,226.36
123,8,244.86
123,10,208.85
123,11,284.21
123,12,118.6
123,13,189.99
123,14,355.68
123,15,332.04
123,16,363.31
123,17,474.34
123,18,396.22
123,19,222.95
123,20,160.76
123,22,265.63
123,23,5.0
123,24,426.44
123,39,332.04
123,40,396.22
123,41,474.34
123,42,363.31
123,43,355.68
123,49,73.66
123,50,396.22
123,52,396.22
123,53,474.34
123,55,284.21
123,56,332.04
123,57,118.6
123,58,363.31
123,59,220.88
123,60,226.36
123,61,189.99
123,63,474.34
123,64,118.6
123,65,363.31
123,66,458.29
123,67,88.86
123,68,208.85
123,69,332.04
123,70,232.52
123,71,73.66
123,72,355.68
123,73,284.21
123,74,222.95
123,75,160.76
123,76,241.96
123,78,232.52
123,79,24.0
123,80,73.66
123,81,208.85
123,85,226.36
123,93,226.36
123,94,265.63
123,95,88.86
123,96,226.36
123,97,189.99
123,98,426.44
123,99,220.88
123,100,28.0
123,101,208.85
123,102,73.66
123,103,284.21
123,104,332.04
123,105,396.22
123,106,363.31
123,107,474.34
123,108,234.88
123,109,226.36
123,110,220.88
123,112,355.68
123,113,118.6
123,114,222.95
123,115,458.29
123,116,284.21
123,117,226.36
123,118,208.85
123,119,426.44
123,120,8.0
123,121,118.6
123,122,189.99
123,123,0.0
